index,content,ans
1,中美两国教育目标有何不同？,中国教育的目标是为了培养高素质的人才，强调基础教育，注重知识的传授和考试成绩的评价，而美国教育的目标则是为了培养全面发展的人才，强调个性化发展，注重学生的创造力和实践能力的培养。
2,简述中美两国教育方法的不同点。,中国的教育方法注重灌输式教学，教师通常采用讲授和考试的方式来评价学生的学习成果，而美国的教育方法注重互动式教学，教师通常采用小组讨论、实验和项目的方式来培养学生的创造力和实践能力。
3,中美两国教育体制的主要差异是什么？,中国的教育体制是集中式的，由中央政府和地方政府共同管理，学校的课程设置和教学方式较为单一，学生的学习压力较大。而美国的教育体制是分散式的，由州政府和地方政府共同管理，学校的课程设置和教学方式较为多样化，学生的学习压力相对较小。
4,中美两国教育文化的主要差异是什么？,中国的教育文化注重纪律和规矩，注重知识的传授和考试成绩的评价，而美国的教育文化则更加注重创新和创造力，注重学生的个性发展和实践能力的培养。
5,中美两国教育评价的主要差异是什么？,中国的教育评价主要以考试成绩为主要标准，而美国的教育评价则更加注重学生的综合素质和实践能力的评价，包括学生的课堂表现、作业完成情况、项目成果、社会服务等方面的评价。
6,中美两国教育理念的主要差异是什么？,"1. 中国认为基础是创新的前提, 美国强调创新的首要地位；2. 中国注重知识积累和静态接受, 美国注重能力培养和动态改变；3. 中国学生形成固定一致的解题思维模式, 美国学生敢于冒险、试误和质疑；4. 中国认为记忆与理解相互促进, 美国认为记忆无助于理。"
7,美国教育强调的“全人教育”与中国教育中的“应试教育”如何体现各自的价值观？,美国教育强调学生的综合素质与创新能力培养，而中国教育更加注重学科的专业性和基础知识的系统学习。美国教育强调学生自主学习和问题解决能力的培养，教学方法更加注重启发式教学和互动式教学。中国教育注重知识的传授和应试技巧的训练，教学方法相对传统。
8,中国课堂的“讲授式”教学与美国课堂的“探究式”学习在培养学生能力上有何不同？,在中国，老师主要采用传统的教学方法，强调教师的权威和纪律性。学生的作业和考试数量较多，以使学生获得更多的知识和提高学生的认知水平。但是，这种方法往往会导致学生缺乏独立思考和创造性的能力。在美国，教学方法更加灵活和个性化。老师强调学生的自主学习和发挥，以培养学生的自信和独立思考能力。作业和考试的数量也相对较少，强调学生的创造性和实践能力。但是，这种方法也会导致学生缺乏系统性的知识，需要更多的自我掌握和学习。
9,中国教育中的数学和科学课程强度较高，而美国则更重视艺术与人文课程，这反映了怎样的教育价值观差异？,中国将人文价值观与科学价值观相互融合，美国以科学价值观为主
10,美国STEM（科学、技术、工程和数学）教育与中国STEM+X（X代表艺术、人文等）教育理念的差异是什么？,中国将人文价值观与科学价值观相互融合，美国以科学价值观为主
11,美国教育中的“个性化学习”与中国教育中的“标准化教学”如何体现不同的教育价值观？,中国和美国的社会核心价值观分别体现了两国不同的价值理想，代表着各自的内在精神和品格，理念源泉和发展历程也各有不同。中国历来重视通过对个体的“教化”，以达成社会成员在价值观念和文化理想上的一致，促进社会和谐。美国文化则侧重于理性的“启蒙”，鼓励个体的个性、创造性与自主性。在此社会文化基础上，中国的学校普遍保持着一种民族文化自觉和社会教化责任意识; 美国则更注重学校理性启蒙的功能，而非传承道德与文化传统。
12,比较中美两国的学生评价体系，包括考试制度、综合素质评价等方面，探讨其背后的价值观差异。,1.学生评价：美国教育强调学生的综合素质评价，除了考试成绩外，还注重学生的参与度、创新能力和社会实践经验。中国教育评价主要以考试成绩为主。2.选拔机制：美国教育的选拔机制相对灵活，学生可以通过多种途径进入高等教育。中国教育选拔机制相对固化，高等教育主要通过高考录取。综上所述，美国教育更加注重学生的综合素质评价和多元化选拔机制，而中国教育评价主要以考试成绩为主，选拔机制相对固化。 
13,中美两国在学生职业规划教育方面的差异是什么？,美国教育中鼓励学生追求兴趣与梦想，而中国教育中强调稳定与实用的职业观。
14,美国教育中鼓励学生追求兴趣与梦想，而中国教育中强调稳定与实用的职业观，这两种观念如何体现不同的教育价值观？,美国文化则侧重于理性的“启蒙”，鼓励个体的个性、创造性与自主性，注重个人价值，强调选择的自由。中国教育强调实用性，注重培养学生的能力，以确保在未来职业选择中具备竞争力。
15,中美两国在培养学生创新能力方面的教育理念差异有哪些？,美国教育注重培养学生的创造力、批判性思维和合作能力。中国教育注重学生的应试能力和记忆能力，对学生的创造力和独立思考能力培养相对不足。
16,根据中美基础教育阶段的核心课程设置，分析中美两国教育价值观的差异性。, 中美两国在课程设置上存在差异。中国的中小学课程设置严格，不能由学生自行选择。同时，针对未来的生涯规划，中国中小学建立了职业生涯规划的系统课程。这种课程设置将学生的未来规划贯穿于整个教育过程中，从而更好地引导学生的个人职业发展。在美国，中小学课程相对开放一些。中学生可以选择自己的课程，并根据自己的兴趣和未来的方向进行个性化的选择。这种设置有利于学生的发展和激发学生的兴趣，但也会导致教育资源的浪费。
17,中美两国教师角色与教育治理模式的比较。,1.教师角色：美国教师的角色更加注重指导和引导学生，鼓励学生自主学习和创造性思维。中国教师的角色相对更加强调知识的传授和纪律的执行。2.教育治理模式：美国教育注重学校的自治和学生的个性发展，教育管理较为分散。中国教育注重集中统一管理，教育决策权由政府统一决策。可以看出，美国教师角色更加注重学生的引导和激发学生的学习兴趣，且教育治理模式更加注重学校的自治。而中国教师角色相对更加注重知识的传授和纪律的执行，教育治理模式更加注重政府的统一管理。
18,中美两国教育结构的比较。,1.美国教育体系：美国教育体系分为基础教育、中等教育与高等教育三个阶段。基础教育包括幼儿园至高中，中等教育为大学预科，高等教育包含学士、硕士和博士。2.中国教育体系：中国教育体系也分为基础教育、中等教育与高等教育三个阶段。基础教育包括义务教育九年制，中等教育为高中，高等教育包含本科和研究生。通过对比，可以发现美国与中国的教育结构在基础教育与中等教育阶段基本保持一致，而在高等教育阶段的学制安排上略有不同。
19,中美两国教育内容的差异是什么？,1.学科设置：美国教育注重学生的全面发展，学校会提供多样化的选修课程，学科设置非常广泛。而中国教育更加注重学科的专业性和基础知识的系统学习，学科设置相对较为固定。2.文化素养：美国教育注重培养学生的综合素质和创新思维，强调人文教育和艺术教育。中国教育重视学生的学科素养和考试成绩，在文化素养方面相对薄弱。3.能力培养：美国教育注重培养学生的创造力、批判性思维和合作能力。中国教育注重学生的应试能力和记忆能力，对学生的创造力和独立思考能力培养相对不足。综上所述，美国教育强调学生的综合素质与创新能力培养，而中国教育更加注重学科的专业性和基础知识的系统学习。
20,中美两国师生关系的主要差异有哪些？,中国传统文化强调尊师重教。传统的师生关系极不平等，教师不仅是教学过程中的控制者，学生成绩的评定者，还是真理的化身及绝对的权威，很少有学生敢挑战老师的权威。这样一来，学生成了教学活动中的被动者、服从者。久而久之，学生们变得墨守成规，在这样的师生关系下，学生的创新能力得不到良好的发展。相比之下，美国的老师与学生合作的程度则大不相同。美国教育具有自由性、独立性、开拓性的特点，他们提倡人性的自由、平等、发展的理念，尊重孩子的天性，让他们在自由的环境中成长，学会如何思考和面对问题，如何更好地去创造，课堂上老师和学生互动性强，师生关系轻松愉悦，课余时间师生更近于一种朋友关系。在平等的教学关系中强调学习者的主动性。美国的学校注重个人爱好的培养，提倡尊重每一个学生的个性，让每一个人充分发挥自己的潜能，使其特长得到最大程度的发展和发挥。
