index,content,ans
1,"阅读材料，并回答问题。
材料：
户外运动结束后，孩子们拿着自己的小杯子排队接水喝，只有浩浩不排队，插到玲玲前面接了一杯水，玲玲不高兴地嘟囔了一句。见到此情景，孙老师拿来被子，走到饮水机旁直接借了一杯水，尧尧看见了，说:浩浩接水没有排队，孙老师你接水也没有排队，边说边看着孙老师，其他小朋友们嘿嘿笑着也看向孙老师
孙老师抛出一个问题:接水时，咱们应该怎么做呢?孩子们纷纷说道:拿好自己的小杯子，不要掉地下了。要小心，不要让水烫着了，要接半杯水，不要插队要排队……孙老师说:哦，那我没有排队就接水了，我错了。“老师。你没有遵守秩序哦”明明大胆地说道，孙老师急忙说:对不起!老师以后一定不会这样做了，请小朋友们监督老师，好不好!孩子们齐声说:好!孙老师继续问:那你们以后呢?“我们当然要排队啦说我以后也要排队，浩浩脸红了。
问题:请结合材料，从教育观的角度，评析孙老师的教育行为。","
孙老师切实践行了素质教育的内涵和要求首先，促进了学生的全面的发展。素质教育就是通过德育、智育、美育等的有机结合来促进学生的的德智体美劳全面发展。材料中孙老师关注学生道德的发展，促进了学生的全面发展。
其次，做到了面向了全体学生。素质教育倡导倡导人人都有受教育的权利，强调使每个人都得到发展。面对题干中的问题，孙老师是通过个人教育来影响整个班集体，体现出了教育面向全体学生。
最后，注重培养学生的动手和实践能力。材料中的孙老师对孩子的教育，不仅仅停留在对学生的认知方面，还逐步引导帮助学生形成一定的实践能力，帮助学生养成良好的接水习惯。"
2,"阅读材料，并回答问题。
材料：
区域活动时，小朋友在各自喜欢的区角内玩耍，刘老师发现建构区的孩子们把积木丢来丢去，不太爱惜，积木被丢的乱七八糟看到这样的场景，刘老师立即走过去捡起明明……说:“哎呀，小蘑菇，对不起，你的腿摔疼了吧，我来帮你揉揉”……刘老师充满关爱的语言吸引了孩子们的注意，“老师我再也不乱扔积木了。”“老师，我会轻轻玩积木的。……学生们说着，纷纷捡起积木，轻轻玩着积木，轻轻放下。刘老师开心的说:“现在积木很高兴，它说谢谢大家活动进行了十多分钟，茵茵尿裤子了，刘老师发现后，对着几个嘲笑茵茵的孩子说:“茵茵可能是玩积木太认真了，忘了上厕所，她的房子搭的很棒……别忘了还要上厕所，那就更好了。”
晚上，刘老师还利用网络与家长交流育儿经验，沟通孩子们的情况请根据材料。
问题：从教师职业道德的角度，评析刘老师的教育行为。","该老师做到了关爱学生。关心爱护全体学生，对学生严慈相济，做学生良师益友。保护学生安全，关心学生健康，维护学生权益。不讽刺、挖苦、歧视学生。尊重学生人格平等公正对待学生。材料中老师在面对学生尿裤子的情况，理解学生认真玩积木而忘记上厕所，而不是一味漫骂。
该老师做到了教书育人。遵循教育规律，实施素质教育。循循善诱，海人不倦，因材施教。培养学生良好品行，激发学生创新精神，促进学生全面发展。不以分数作为评价学生的唯一标准。材料中刘老师引导学生收拾积木，，并专心做事，是育人的体现爱岗敬业。忠诚于人民教育事业，志存高远，勤恳敬业，甘为人梯，乐于奉献。对工作高度负责，认真备课上课，认真批改作业，认真辅导学生。不得敷衍塞责。材料中刘老师对工作兢兢业业，积极主动与家长交流工作经验。"
3,"简答题。
户外活动时，幼儿玩得很高兴。部分幼儿已满头大汗，脸色通红。针对这种情况教师该怎么做?
","（1）实施学前儿童健康教育应遵循适量的运动负荷原则。教师应合理地安排和调节儿童身体练习时身体和心理所承受的负荷量，保证儿童运动后取得超量恢复的最佳效果以促进儿童身体机能能力的提高，达到增强体质的目的。如果幼儿面色稍红，汗量不变呼吸中速、较快，动作协调、准确，注意力集中、反应快，情绪愉悦，这些都表明幼儿处于轻度疲劳状态，应当让幼儿适当休息，动静结合。
（2）灵活运用多种指导方式，既面向全体，又应注意个体差异，做好个别幼儿的针对教育。
（3）控制好活动的时间，一般小班的集体体育活动时间为15~20分钟中班为20~25分钟，大班为30分钟。"
4,"简答题。幼儿观察力初步形成的主要表现有哪些?","观察力就是分辨事物细节的能力，是智力结构的组成部分，它是经过系统的训练，逐渐培养起来的。
幼儿期是观察力初步形成时期，幼儿观察的目的性、持续性、细致性和概括性等都在逐渐完善。幼儿观察力初步形成的主要表现在
1.目的性加强;
2.持续性延长;
3.细致性增加;
4.概括性提高；
5.观察方法形成。"
5,"论述题。什么是续编故事？如何评价幼儿续编故事的能力？","续编故事是指教师会讲述故事的一部分，而余下的部分则由儿童续编。指教师为幼儿提供故事的开端，并讲出故事发生的时间、地点及出现的人物，让幼儿编出故事的发展及结尾。也可以提供故事的开端和发展，只让幼儿编出故事的结尾。
评价幼儿续编故事的能力可以从以下方面入手：
评价幼儿能否想象出故事的后续发展情节，情节是否内容丰富，符合逻辑，即评价幼儿思维力的发展情况。
评价幼儿在续编故事的过程中，能否流畅地表达自己的想法，即评价幼儿语言表达能力的发展情况。
评价幼儿能否在理解故事前段的基础上，进行后续故事情节的续编，即评价幼儿的语言理解能力的发展情况。
评价幼儿在续编故事中是否有大胆想象，有创意性的想法，即评价幼儿的思维力和创造力的发展情况。"
6,"阅读材料，并回答问题。
材料：午睡起床时，大部分幼儿已穿好衣服陆续进入活动室，刘老师发现平时起床速度较快的莉莉还躺在床上，就轻轻走到莉莉床边，亲切地抚摸她的头说:“你不舒服吗?”，莉莉紧张的摇摇头。刘老师悄悄伸手摸莉莉床上的褥子，发现湿湿的，便凑近莉莉的耳边轻声说“没事的，尿湿了，擦擦身体，换一套衣服，把褥子晒晒就好了”，刘老师边帮莉莉擦洗，换衣服，边对旁观的幼儿说:“莉莉出了好多汗。”，离园前，刘老师将晾干的睡衣递给莉莉，莉莉开心地笑了。
问题:请评析刘老师的做法有哪些优点?","1.遵循了“尊重儿童的人格尊严原则”。儿童是一个独立的个体，有自己思想和意识，题干中的刘老师并没有因为莉莉尿床而批评，而是采用了委婉的方式帮助莉莉解决问题。
2.全面关注每一位儿童。能够及时发现莉莉的异常，同时采取恰当的方式解决，表明刘老师在日常生活中细心关注幼儿。
3.真正做到了幼儿一日生活的组织者和引导者。
4.体现了幼儿教师劳动任务的全面性和细致性。"
7,"阅读材料，并回答问题。
材料：在开学之初，有同学来向我反映，小丽同学有偷拿同学小东西的行为。我把小丽同学带到办公室询问这个事情，我正准备严厉地和他说，发现他眼神害怕，改变了说法。我说你这个行为是不可取的，然后让他回去了。班里风平浪静一段时间后，我将小丽同学重新叫到了办公室，让他担任班级的工具管理员。小丽同学用力地点了点头，我在班级公布了这个职务。小丽同学上任后，告诉学生，要保管好自己的工具，提出举办文具分享日。班里面的同学再见到小丽，渐渐地不再叫小丽同学为小偷。同时小丽同学跟同学的关系更加融洽，上课提问问题也积极地回答。
问题：请结合材料，从学生观的角度，评析该老师的教育行为。","材料中，我的做法是正确的，体现了“以人为本”的学生观，值得我们学习。
首先，“以人为本”的学生观认为学生是发展的人。学生具有巨大的发展潜能，学生是处于发展过程中的人。材料中，我知道小丽有偷拿同学东西的行为，没有指责小丽，而是告诉小丽这个行为是不可取的，相信小丽会变好，宽容了小丽的错误，体现了学生是发展的人。
其次，“以人为本”的学生观认为学生是独特的人。每个学生都有自身的独特性。材料中，我先是告诉小丽这种行为不可取，然后让小丽担任班级的工具管理员，做到了有针对性的教育，因材施教，体现了学生是独特的人。
最后，“以人为本”的学生观认为学生是独立意义的人。是不以教师的意志为转移的客观存在，是学习的主体。材料中，我让小丽担任班级工具管理员，小丽受到老师的鼓励也开始积极回答问题，调动了学生的积极性，体现了学生是独立意义的人。
综上所述，我的教育行为是正确的，做到了“以人为本”学生观的要求，值得提倡。"
8,"阅读材料，并回答问题。
材料：林老师是一个数学老师，他给班上的学生布置的作业比较少，学生在校内就可以完成。有的家长认为他是为了让他们交另外的补课费，有的家长认为这样的行为会让学生在升入初中后数学成绩下降。林老师然后跟家长通过家长会等方式进行沟通，取得了家长的认同。他还跟数学基础成绩差的学生结成了同盟，每周两次免费进行数学补课，对于作业也都是精心挑选，努力提高他们的学习成绩。他们在学期末后，学习成绩有所提高。而且林老师在上课的时候，不是采用单纯的提问方式来让学生回答，而是对学生采取了多种形式的教学，让学生自己去思考问题应该怎么解决。林老师课后也通过自身的钻研发表多篇论文，提高了自身的学术水平。
问题：请结合材料，从教师职业道德的角度，评析林老师的教育行为。","林老师的做法是正确的，符合教师职业道德的要求，值得我们学习。
首先，林老师的做法践行了为人师表的教师职业道德。为人师表要求教师以身作则，尊重家长，廉洁奉公，自觉抵制有偿家教，不利用职务之便谋取私利。材料中，在遇到问题时，林老师与家长积极沟通，每周进行免费的数学补课，做到了尊重家长，廉洁从教。体现了为人师表的教师职业道德规范。
其次，林老师践行了教书育人的教师职业规范。教书育人要求教师遵循教育规律，实施素质教育。循循善诱，诲人不倦，因材施教。培养学生良好品行，激发学生创新精神，促进学生全面发展。材料中，林老师不是采用单纯的提问方式来让学生回答，而是对学生采取了多种形式的教学，让学生自己去思考问题应该怎么解决，做到了循循善诱。体现了教书育人的职业道德规范。
最后，林老师践行了终身学习的教师职业道德。终身学习要求老师不断丰富自己知识，拓宽视野，提高教学水平。材料中，林老师通过自身的钻研发表多篇论文，提高了自身的学术水平。做到了不断提高教育知识与教育水平。体现了终身学习的教师职业道德规范。
总之，林老师的教育行为是正确的，做到了教师职业道德规范的要求，值得提倡。"
9,"简答题。简述小学生注意集中的外部表现。","一、注意的外部表现
人在集中注意于某个对象时，常常伴随特定的生理变化和外部表现。注意的最显著的外部表现有以下几种。
1、适应性运动
人在注意听一个声音时，常把耳朵转向声音的方向，即所谓“侧耳细听”。人在注意看一个物体时，把视线集中在该物体上，即所谓“目不转睛”。当人沉浸于思考或想象时，眼睛朝
着某一方向“呆视”着，周围的一切变得模糊起来，而不致分散注意。例:“侧耳倾听”“目不转睛”“呆视”。耳朵朝向注意对象，眼睛朝着注意对象，说明我的感觉器官朝向我的注意对象，这就是适应性运动。
2、无关运动的停止
当注意力集中时，一个人会自动停止与注意无关的动作。最典型的例子是当学生注意教师的讲课时，他们会停止做小动作或交头接耳，表现为异常的安静。比如老师说注意的知识点很重要，大家可能就放下手中的辣条和奶茶来听课，这些无关动作暂时停止，说明注意力集中在课堂中。
3、呼吸运动的变化
人在注意时，呼吸会变得轻微而缓慢，而且呼吸的时间也会改变。一般来说，吸得更短促，呼得更长。在注意紧张时，还会出现心跳加速、牙关紧闭、握紧拳头等，甚至出现呼吸暂时停歇的现象，即所谓“屏息”。比如刚刚的题,大家听的时候可能会想“这是怎么回事?想的都忘了呼吸，即“屏气凝神”。
根据注意的外部表现，可以推断一个人是否注意于学习或工作。但有时注意的外部表现和注意的真实状态也会不一致。"
10,"简答题。简述教育调查研究中样本选择的基本要求。","（１）明确规定总体。要从内涵和外延两方面明确总体界限,其中,研究的目的、课题性质决定总体的内涵,研究目的决定了总体的范围。
（２）取样的随机性。要尽可能使每个被抽取的个体具有均等的机会,也就是说被抽取的任何个体与个体之间是彼此独立的,在选择上没有联系。这里不存在任何选择的标准,不带有任何有意义的成分,从而尽可能使样本保持和总体相同的结构。
（３）取样的代表性。要尽可能使抽取的样本能代表总体。只有样本具有代表性,那么由样本特征推断的总体特征才有一般性,对总体的研究成果才有推广价值。
（４）合理的样本容量。要科学地确定样本的大小,既要满足统计学上的要求,又要考虑实际收集资料的可能性,并使误差减到最低限度。"
11,"阅读材料，并回答问题。
材料：初一(3)班班主任叶老师经常与学生交流，发现班上有不少小团体，小团体之间很少互动，还存在矛盾。为此，叶老师在调整座位时有意识地将小团体分散、分区域组织学习小组，使学生有更多沟通的机会。
此后，叶老师在班会上宣布：每学期都要举行一次隆重的“说优点，拿奖品”活动，要求同学们说出对方的优点，而且要有依据，活动前，叶老师购买了一批中学生普遍喜欢的奖品，活动中，同学们争先恐后地说别人的优点，讲缺点，有的说若曦不仅自己学习好，还主动帮助学习困难的同学;有的说子恒虽然学习不太好，但他篮球打得很好，为本班在全校篮球赛中取得好成绩，子恒还很热心地为全班同学服务……在称赞同学，欣赏自己的氛围中，每个同学都得到了一份自己喜爱的奖品，并获得了一本由叶老师亲手制作的“优点册”。
一年后，任课教师都感觉到班级氛围、学风有了明显的变化，学生们的优势、特长得到了发挥，班里的同学也更加团结了。
问题：请结合材料，从教育观的角度，评析叶老师的教育行为。","叶老师的教育行为是恰当的，体现了素质教育的理念，值得我们学习。
首先，素质教育是面向全体学生的教育，强调在教育中使每个人都得到发展。材料中，叶老师让每个同学都通过活动得到了一份自己喜爱的奖品和叶老师亲手制作的“优点册”，并在一年的时间里班级学生都得到了成长进步，体现了老师能够面向全体学生。
其次，素质教育是促进学生全面发展的教育，要求老师能够促进学生在成绩、思想品德、心理素质、综合能力等全面的发展。材料中，叶老师不单纯的关注成绩，还通过分区域组织学习小组，以及组织活动的方式让班里的同学更加团结，培养了学生的品行，促进了学生的全面发展。
最后，素质教育是促进学生个性发展的教育，要考虑到学生的个性差异，做到因材施教。材料中，叶老师通过举行“说优点，拿奖品”的活动让同学们认识到自己的优缺点和别人是不同的，并且通过一年的努力学生们的特长都得到了发挥，促进了学生个性的发展。
综上所述，叶老师的做法体现了素质教育的理念，树立了正确的教育观。"
12,"阅读材料，并回答问题。
材料：铭成行为散漫，经常在课上画动物，然后在旁边写上同学的名字。同学们都不喜欢与他交往。一天，铭成画了一头鹿，在鹿脖子上写上了姜浩的名字。姜浩生气地向班主任刘老师反映情况。
刘老师找来铭成，严肃地批评道：“你把姜浩的名字写在动物身上，这样做是不对的。”接着，刘老师又说：“你的画不错，将来想报考艺术吗?”“是的。”“好啊，每个人都应该有自己的梦想。以后你就主办我们板报，好不好?”铭成一听，高兴地说：“老师，我一定能把板报办好。”此后，每周五下午，铭成准时带着同学们去办板报。
一个月后，刘老师又找来铭成，说：“这一段时间，板报上的画都很漂亮，可是，内容太简单，问题出在哪里呢?”铭成说：“是我读书太少了，素材不够丰富。以后，我要读更多书，把板报办得有深度一些。”刘老师说：“这一段时间我跟你爸妈交流过几次，他们也希望你能够报考艺术，还会带你选购更多好书，争取将来做一个有思想的艺术家。”
之后，铭成上课更加认真了，积极参加读书交流活动，还经常帮助有困难的同学，默默地付出。同学们都说他好像变了一个人。
问题：请结合材料，从职业道德的角度，评析刘老师的教育行为。","从教师职业道德的角度看，刘老师的做法是恰当的，符合教师职业道德的基本要求，值得我们学习。
首先，刘老师的行为体现了关爱学生。关爱学生要求关爱全体学生，平等公正对待学生，对学生严慈相济，做学生良师益友。材料中，刘老师平等公正地对待铭成，对铭成的错误做法进行了教育，同时根据铭成的特点进行了关爱指导，做到了严慈相济，体现了关爱学生。
其次，刘老师的行为体现了为人师表。为人师表要求教师做到以身作则，团结协作，尊重家长。材料中，刘老师多次主动地与铭成的父母进行平等沟通，通过家校合作的方式共同促进铭成的成长，体现了为人师表。
最后，刘老师的行为体现了教书育人。教书育人要求教师做到遵循教育规律，因材施教，培养学生良好品行。材料中，刘老师对铭成的做法进行了正向的引导，对铭成擅长绘画的特点进行鼓励，并通过让铭成办板报的方式让他认识到了学习的重要性，最后铭成得到了进步，体现了教书育人。
总之，刘老师的做法符合教师职业道德的相关要求，体现了关爱学生、为人师表、教书育人，其行为值得我们每一个人去学习。"
13,"判断正误，并说明理由。人格可以塑造。","该说法是正确的。（2分）
（1）人格的形成与发展受到多种因素的影响，主要包括生物遗传因素、社会文化因素、家庭教养因素、学校教育因素、个人主观因素等。（2分）
(2)人格具有可塑性，随着生理的成熟和环境的改变，人格也会或多或少地发生变化。例如，一个过去害羞的女孩,长大后由于事业的成功而变得大方和自信。正因为人格具有可塑性，才能培养和发展人格。(2分)
(3)一般来说，正在形成中的儿童的人格还不稳定，易受环境影响而发生变化，成年人的人格则比较稳定，在人格改变中自我调控起重要作用。因此,人是稳定性与可塑性的统一。(2分)"
14,"判断正误，并说明理由。教育目的不等于培养目标。","该说法是正确的。（2分）
（1）教育目的是国家对培养人的总要求，是各级各类学校所要遵循和实现的总要求。（2分）
（2）培养目标是教育目的的具体化，是依据学校层次、性质、人才培养的具体质量规格等形成的。（2分）
（3）所以，教育目的与培养目标是普遍和特殊的关系，二者不是同一概念，题干表述正确。（2分）"
15,"判断正误，并说明理由。教学就是智育。","该说法是错误的。（2分）
（1）教学是在教育目的的规范下，由教师的教和学生的学共同组成的一种活动。（2分）
（2）智育是向学生传授知识、训练技能、培养智能的教育活动。（2分）
（3）教学是智育的实施途径，智育是学校教育的内容，主要通过教学这条途径来实现，但智育也需要通过课外活动等途径才能全面实现，因此二者不是同一概念。（2分）"
16,"判断正误，并说明理由。课堂中的人际关系就是师生关系。","该说法是错误的。（2分）
（1）课堂人际关系的管理指的是对课堂中的师生关系、同伴关系的管理，包括建立良好的师生关系、确立群体规范、营造和谐的同伴关系等。（2分）
（2）师生关系是指，教师和学生在教育教学过程中结成的人际联系，包括双方所处的地位、作用以及相互对待的态度等。(2分）
（3）所以，课堂人际关系不仅仅是师生关系，说法过于片面。"
17,"简答题。简述人本主义学习理论的基本观点。","人本主义学习理论的基本观点如下：
（1）知情统一的教育目标观，要求培养“完人”；（3分）
（2）有意义的自由学习观；（3分）
（3）学生中心的教学观，教师是学生学习的“促进者”。"
18,"简答题。简述提高知识直观效果的途径。","提高知识直观效果的途径如下：
（1）灵活选用直观呈现的形式；（2.5分）
（2）根据感知规律，突出直观对象的特点；（2.5分）
（3）有效指导学生的感知，培养学生的观察力；（2.5分）
（4）让学生充分参与呈现直观知识的过程。"
19,"简答题。简述德育陶冶法及运用要求。","陶冶教育法是指教师利用环境和自身的教育因素，对学生进行潜移默化的熏陶和感染，使其在耳濡目染中受到感化的方法。基本要求如下：（2.5分）
（1）创设良好的教育情境；（2.5分）
（2）组织学生积极参与情境创设；（2.5分）
（3）与启发说服相互结合。"
20,"简答题。简述学校教育中课程表现形式。","课程的表现形式包括课程计划、课程标准、教材，具体如下：（1分）
（1）课程计划，是指根据教育目的和不同类型学校的教育任务，由国家教育主管部门制定的有关教学和教育工作的指导性文件。（3分）
（2）课程标准，是指国家根据课程计划以纲要的形式编定的有关某门学科内容及其实施、评价的教学指导性文件。（3分）
（3）教材/教科书，是指依据课程标准编制的、系统反应学科内容的教学用书。（3分）"
21,"阅读材料，并回答问题。
材料：在体育教学活动中，李老师让孩子们面对面，自由地坐在草地上。李老师说：“请你们想个办法到老师面前来。“孩子们一下子想到了最直接的方法，走、跑、跳。李老师还请出一个孩子做示范。一个孩子示范后，李老师问：“谁还有不一样的办法?”乐乐想到小屁股着地，手撑着向前。敏敏用手、膝着地向前爬。李老师在肯定了他们之后问:“你们还有什么办法?”这时，君君做出了匍匐爬行的动作，昊昊双手交叉抱肩，不断的翻滚，乐乐又想到了前滚翻。李老师说:“小朋们真爱动脑筋，想出了不同的方法”。这时，阳阳用手翻起了筋斗，外套缠住了手，歪到了一边，碰到了旁边的小朋友。李老师赶紧对阳阳说:""小心点，会摔跤的”。说着让阳阳脱下了外套，并检查了他的鞋带，束好了她的头发。李老师看了看表，引入了下一个活动环节。这时，浩浩补充道:“我可以和佳良合作，背他过去，他一点不着地就能到老师那儿""。对浩浩的回答，李老师没有表态，按设计好的环节继续把活动进行下去。
问题：请结合材料，从教育观的角度，分析李老师的教育行为。","李老师的教育行为部分违背了素质教育的要求，部分体现了素质教育的要求，具体分析如下：
第一，素质教育要求教育要面向全体幼儿，公平公正对待每一名幼儿，关爱每个幼儿的发展。材料中的李老师面对之前的乐乐、敏敏、军军、阳阳等小朋友都态度良好，照顾得也很细致，但是当浩浩提出了不同于教学设计的方案的时候，却没有表态，不能给予浩浩一个回应，没有能够公平公正对待每一个小朋友。
第二，素质教育要求在保教实践中，发展幼儿的创造性思维和动手操作解决问题的能力。材料中的李老师能够引导小朋友用不同的办法解决问题，这是值得肯定的；但是对于自己教学设计之外的却没有表态，还是按照原来的教学设计来进行活动，这个还需要在日后的保教实践中改进。
第三，素质教育要求尊重幼儿的主体地位，教师要因材施教，进行启发式教学，鼓励儿童主动探索、思考并解决问题。材料中的李老师面对幼儿们不同的想法，引导得非常好，没有直接告诉幼儿做法，而是让他们自己探索，体现了这一点的要求。
综上所述，教师应该按照素质教育的要求，关心爱护全体幼儿，注意培养幼儿的创新精神，尊重他们的主体地位，尤其是当出现教学设计之外的情况的时候，一定要用心对待。"
22,"阅读材料，并回答问题。
材料：午睡起床时候，小（1）班有三个孩子尿床了，他们胆怯地望着刘老师，刘老师笑了，悄悄的对他们说:“没有关系的，我知道是因为你们睡得太沉了！”。他把这三个孩子的裤子换了，并清洗干净。离园时间要到了，君君上厕所所时不小心把大便弄到大腿和裤子子上，刘老师连忙把他抱到盥洗室。这时，君君妈妈到教室接孩子，并没有看到孩子，马上找到盥洗室，看见君君站在水池里，刘老师正在给他清洗。君君妈妈冲上去生气地问:“你是用热水给孩子洗的吗?”刘老师一听要生气了，没好气的回了一句:“是热水！”。军军妈妈用手一试，还真是热水，就没有再说什么。接着，刘老师给军军穿好裤子，脸色一直都不好看，君君妈妈再问什么她也不回答了。于是君君妈妈很生气的向园长投诉了刘老师，刘老师觉得特别委屈，一边哭一边说:“园长，你知道我今天洗了几个尿裤子的孩子吗?我洗了四个，家长还这么不理解，这工作真没法干！”园长对她说:“我知道老师们非常不容易，大家辛苦了。但是作为老师，家长有怨言时，我们也要理解他们”。经过园长的一番开导，刘老师的心情平复了。
问题：请结合材料，从教师职业道德的角度，评析刘老师的教育行为。","刘老师的行为没有完全践行教师职业道德的要求，具体分析如下：
第一，刘老师践行了关爱学生。关爱学生要求教师要关心爱护全体学生，尊重学生人格，保关心学生健康。材料中的刘老师在离园的时候，面对君君小朋友的问题，能够及时发现并处理，体现了对学生的关心。
第二，刘老师没有完全践行爱岗敬业。爱岗敬业要求教师要忠诚于教育事业，兢兢业业，认真对待每一个教学任务。材料中的刘老师一天清洗了四个小朋友的裤子，遇到他们有问题时能够安慰和处理，这体现了爱岗敬业；但是面对家长的埋怨时，不能平静对待，甚至闹情绪说不干了，这不是积极的工作态度；但是经过园长的开导能够平复情绪，说明刘老师还是对自己的工作还是充满热爱的。
第三，刘老师没有完全践行为人师表。为人师表要求教师要注意自己的言行，给幼儿树立榜样。材料中的刘老师，面对家长的埋怨不能理解，且表现出了不满的情绪导致被投诉到园长那里，这是不尊重家长的表现，但是后来她在园长的开导下能够认识问题，平复心情，也是值得肯定的。
总之，在保教实践中，作为老师，应该关爱学生、爱岗敬业，多理解家长，做好自己的本职工作。"
23,"简答题。简述幼儿园教师对待幼儿攻击性行为的有效策略。","（1）创造一个减少冲突的环境，有计划、有秩序地开展活动
（2）为儿童提供良好行为的榜样
（3）培养儿童移情的能力，教会儿童懂得宣泄不良情绪
（4）消除对攻击性行为的强化
（5）帮助受侵犯儿童维护自己的权利
（6）社会交往技能训练和认知干预"
24,"简答题。简述幼儿园户外活动中教师需要观察的要点。","（1）幼儿的衣物穿着是否合理，有无衣物薄厚不适，鞋带松散等问题。
（2）观察幼儿的户外活动情况，如活动量、活动的时间、内容、场地是否适宜。
（3）活动中特别关注个别体弱、能力差的幼儿，观察其是否需要个别照护和保护。
（4）器械、材料的投放是否安全、是否与场地相适宜，是否满足幼儿的需要。
（5）幼儿有无推搡、追逐打闹等危险情况。"
25,"论述题。论述保教结合原则的内涵并举例说明如何实践？","（1）①保育和教育是学前教育机构两大方面的工作。保育主要是为儿童的生存、发展创设有利的环境和提供物质条件，给予儿童精心的照顾和养育，帮助其身体和机能良好地发育，促进其身心健康地发展；教育则重在培养儿童良好的行为习惯、态度，发展儿童的认知、情感、社会性等，引导儿童学习必要的知识技能等。（保育重身，教育重心）
②做到保育和教育工作互相联系、互相渗透
保育和教育是在统一的教育目标指引下，在同一教育过程中实现的。保中有教、教中有保。
例如要做到保中有教，如在幼儿进餐环节，既保证幼儿的顺利进餐，又进行感恩教育，引导幼儿不浪费粮食。在幼儿的午睡后环节，既整理床铺又引导幼儿学会自主穿衣和叠被，提高生活自理能力。同时，做到教中有保，如在体育活动中随时关注幼儿的身体状态，确保活动的安全。"
26,"阅读材料，并回答问题。
日常教学中，我不仅关注反应快、学习好的学生、也关注不爱发言的学生。一次课上，注意力不太集中的小胜提了一个非常好的问题，我就把一张精美的卡片送给了他。对于小胜提出的问题，比较内向的文文看了我一眼，我从她眼神中看到了期待，又看到了一些犹豫，我便叫她起来回答问题。由于过度紧张，文文说话结结巴巴，我鼓励她：“没关系，老师知道你会了，只是因为紧张而想不起来了，你坐下来再想想。”文文感激地点了点头。
从此以后，文文和小胜都发生了改变，文文比以前自信了，小胜听课也认真多了，小胜妈妈跟我说：“自从您奖给小胜卡片后，小胜学习努力多了。”经了解，小胜得了卡片后非常开心，回家后对妈妈说，“老师说我善问，所以把最漂亮的卡片送给了我。”现在卡片还贴在小胜的床头，他说那是“特殊的礼物”。
问题：请结合材料，从教育观的角度，评析“我”的教育行为。","材料中我的行为践行了素质教育观。
(1)素质教育要求面向全体学生。素质教育不是只注重少数人,而是关注每一位学生的发展。材料中，“我”不仅关注哪些反应快学得好的学生,也关注平时不爱发言的学生，说明“我”做到了关注每一位学生。
(2)素质教育要求促进学生全面发展。提倡在教育中要关注学生各个方面的发展，而不只是某一方面的发展。材料中，“我”鼓励性格内向的文文起来回答问题,文文比以前更自信了,鼓励平时注意力不太集中的小胜善于提问,小胜听课比以前更认真了,说明“我”做到了促进学生全面发展。
(3)素质教育要求促进学生个性发展。每位学生都是千差万别的,有自己独特的想法，教育中要尊重并充分发挥学生的个性，材料中，“我’针对性格特点不一样的学生,采取有针对性的教育方式，做到了因材施教，促进了学生个性发展。综上所述，作为一名教师,应当努力贯彻素质教育观的要求,向材料中的“我”学习。"
27,"阅读材料，并回答问题。
材料：三年级时，晓良随父母从农村来到城市，生活不太适应。到了新学校以后，他虽然很刻苦，但学习还是跟不上。晓良十分苦恼，自信心也不足。对此，沈老师看在眼里，急在心里，采取了一系列措施帮助他。课上，有意识地多给晓良回答问题的机会，课下，安排成绩好的学生和晓良“结对子”。沈老师还利用课余时间给他补课，慢慢地，晓良学习有了起色，也活泼多了。在一次班会上，沈老师表扬他：“虽然晓良同学现在成绩不太理想，但他非常努力，相信他这样坚持下去，一定会有很大的进步！”
为了形成良好的学习氛围，沈老师还设立了“进步T台秀”“学习积分银行”等，只要学生有进步就会获得相应的奖励，晓良信心大大增强了，各科成绩也有了明显的提高。
一天，晓良的爸爸从工地匆匆来到学校，向沈老师了解情况，沈老师一边让座倒水，一边跟他详细交流晓良的在校情况，对晓良的学习生活提出了针对性的家庭教育建议，晓良的爸爸很感激。
问题：请结合材料，从教师职业道德的角度，评析沈老师的教育行为。","材料中沈老师的行为践行了教师职业道德。
(1)关爱学生,要求教师关心爱护全体字王,学生严慈相济,维护学生权益。材料中，沈老师为了帮助小良适应城市生活,跟上学习想了一些办法，比如课上多提问小良,课下安排成绩好的同学与晓良“结对子”等等,做到了关爱学生。
(2)教书育人,要求教师遵循教育规律,伯伯普诱，因材施教，培养学生良好品行，促进学生全面发展。材料中，沈老师没有因为晓良成绩不理想而忽略他，而是鼓励他,相信他是可以进步的,促进了学生全面发展,做到了教书育人。
(3)爱岗敬业,要求教师勤恳敬业，乐于奉献，对工作高度认真,不得敷衍塞责。材料中，沈老师采取了各种办法鼓励学生你追我赶，互帮互学，对工作勤勤恳恳，认真负责，做到了爱岗敬业，
(4)为人师表,要求教师严于律己，以身作则,尊重同事,尊重家长,廉洁奉公。材料中，沈老师给晓良的爸爸让座,倒水的细节,体现了对晓良爸爸的尊重,给晓良树立了良好的榜样,做到了为人师表。
因材，作为一名教师应当严格贯彻教师职业道德规范的要求,向材料中沈老师的行为学习。"
28,"简答题。简述教育评价的功能。",①导向功能②诊断功能③调节功能④激励功能⑤管理功能⑥发展功能⑦甄别功能⑧鉴定功能
29,"简答题。简述小学德育的内容。",①政治教育②思想教育③道德教育④法制教育⑤心理健康教育
30,"简答题。简述根据桑代克理论，简述学习实质和学习律。","学习的实质在于形成情境与反应之间的联结，联结公式是S-R。桑代克认为刺激与反应的联结是直接的，并不需要中介作用。学习的过程就是形成刺激与反应之间联结的过程，而联结是通过尝试错误的过程建立的。
桑代克根据实验的结果，总结出学习应遵循的三条重要规律：
1.准备律：指学习者在学习开始时的预备定势，联结的加强或削弱取决于学习者的心理准备和心理调节状态。当学习者有准备且可以进行活动，则会感到满意；有准备而不能活动则感到烦恼；无准备而强制活动也感到烦恼。
2.练习律：指刺激与反应之间的联结会由于重复或练习而加强，反之则会减弱。
3.效果律：指“刺激—反应”的联结可因满意的结果而加强，也可因烦恼的结果而减弱。"
31,"阅读材料，并回答问题。
材料：韦老师是一名农村中学特岗教师,尽管岗前培训时，教育局领导对山区教育的现状进行比较详细的介绍,可眼前景象还是让韦老师大吃一惊,实验室里有一些仪器设备因长时间搁置无法使用，有些实验又因没有耗材而无法开展，所以韦老师在课上讲到某些内容时,会旁征博引，设喻举例，讲的口干舌燥，但由于无法做实验演示，学生还是一脸茫然，学习物理变成背物理。为了改变现状,韦老师向老教师请教，查阅自制教具的文献,并收集矿泉水瓶,镜子，木条,气球等材料，设置一些微型实验让学生动手实践。实验课上，学生们摆弄着实验器材，讨论实验现象背后的原理,忙的不亦乐乎。同时韦老师指导学生观察身边物理现象,探究物理奥秘，学生们学习物理的兴趣越来越浓了
问题:请结合材料，从教师观的角度,评价韦老师的教育行为。","该老师的教育行为符合了新课改背景下教师观的要求,值得肯定。(1)体现了教师是课程的建设者和开发者。材料中,韦老师向老教师请教，查阅自制教具的文献，并收集矿泉水瓶，镜子，木条，气球等材料，设置一些微型实验让学生动手实践。开发课程资源，给儿童提供良好的学习环境。
(2)体现了新课改强调教师是学生学习的促进者。材料中，韦老师指导学生观察身边物理现象，探究物理奥秘，学生们学习物理的兴趣越来越浓了，体现了教师是学生学习的促进者。
综上所述,韦老师的做法是值得学习的,广大教师应树立正确的教师观,做到教书育人。"
32,"阅读材料，并回答问题。
材料:廖老师因为李超(性格活泼、大大咧咧)打破了同学们养的一盆花，告诉班上同学不要和李超一起玩，后续班上又养了三盆花，廖老师告诉班长看着李超，不要让他碰花。之后有一次廖老师在办公室批改作业，一个同学和李超在办公室，廖老师和这个同学聊天，没搭理李超，李超想到了之前碰倒打破了班级的花，廖老师对自己的态度变化很多。他离开了办公室哭着回家了。从此李超越来越孤僻。
问题: 从教师职业道德的角度，评析廖老师的教育行为。","廖老师的行为违背了关爱学生、教书育人的职业道德。
1.“关爱学生”要求教师关心爱护全体学生，尊重学生人格，平等公平对待，对学生严慈相济做学生的良师益友;保护学生安全，关心学生健康，维护学生权益;不讽刺、挖苦、歧视学生，不体罚或变相体罚学生。材料中，廖老师因为李超不小心打破了班级的花盆而变相孤立、歧视该同学，不能做到平等公平对待，导致其心理受挫，性格越来孤僻，严重违反了关爱学生的教师职业道德要求。
2.“教书育人”要求教师遵循教育规律，实施素质教育：循循善诱，诲人不倦，因材施教；培养学生良好品行，激发学生创新精神，促进学生全面发展等。
材料中，廖老师没有做到循循善诱教育学生改正缺点，也没有针对其性格等因素引导其更好发展，反而采用简单粗暴的教育方式，导致学生身心发展受损，违背了教书育人的教师职业道德。"
33,"判断正误，并说明理由。普通中学的任务是高级学校输送合格的新生。","错误。中国普通中学具有双重任务，具体为（1）培养各行各业的劳动后备力量；（2）为高一级学校输送合格新生。教育是后备力量培养的基础，教育是将知识、技能、价值传授给人的过程,是个性形成和发展的重要因素，从而培养了合格的社会主义事业的建设者和接班人。同时，普通中学教育属于基础教育，是面向全体学生的国民素质教育，为全体适龄儿童、少年终身学习和参与社会生活打下良好的基础，也是为高一级学校输送合格新生的重要举措。由此可见，题干只强调了普通中学的任务之一，而忽视了另一项重要任务，表述片面，故本题说法错误。"
34,"判断正误，并说明理由。德育过程具有多端性。",正确。德育的实施过程具有多端性。因为在德育的具体实施过程中，不一定遵守知、情、意、行的一般教育培养顺序，而根据学生品德发展的具体情况，或从导之以行开始，或从动之以情开始，或从锻炼品德意志开始，最后实现学生在知、情、意、行等方面的和谐发展。由此可知，德育实施过程具有多种开端，可以从训练学生的认知、情感、意志或行为习惯任何一方面开始。因此本题说法正确。
35,"判断正误，并说明理由。定势对知识迁移起促进作用。",错误。定势对知识迁移既有消极影响的同时还有积极影响。定势又称思维定势或反应定势，它是人们在过去经验影响下，产生解决问题的倾向性。定势的作用存在两面性：一方面，使人们能够对一些常规性的问题做出较快的解答，从而提高问题解决的效率；另一方面，囿于狭小范围内的这种固定性往往又会使人们的思路陷于僵局，难以寻找到一种新的方式去考虑问题，不利于创造性地解决问题。由此可见，定势对知识迁移具有积极和消极两个方面的影响，因而题中的说法是错误的。
36,"判断正误，并说明理由。教师职业倦怠即教师的工作热情丧失。",错误。教师职业倦怠不仅仅是教师的工作热情的丧失。因为教师职业倦怠是教师不能顺利应对教师压力时的一种极端反应，是教师在长期的紧张状态下产生的情绪、态度和行为的衰竭状态。玛勒斯等人认为职业倦怠主要表现为三个方面：（1）情绪耗竭，主要表现在生理耗竭和心理耗竭两个方面，它是职业倦怠的核心成分；（2）去个性化，即刻意在自身和工作对象间保持距离，对工作对象和环境采取冷漠和忽视的态度；（3）个人成就感低，表现为消极地评价自己，贬低自己工作的意义和价值。由此可见，教师工作热情丧失属于教师情绪的耗竭，属于教师职业倦怠的表现之一，而不是全面内容，故本题说法错误。
37,"简答题。简述综合实践活动的特点。","综合实践活动是基于学生的直接经验，密切联系学生自身生活和社会生活，体现对知识的综合应用的课程形态。综合实践活动的特点为：
（1）整体性：综合实践活动应该包括学生本人，社会生活和自然世界；体现个人，社会，自然的内在整合，体现科学，艺术，道德的内在整合。
（2）实践性:以活动为主要开展形式，强调学生的亲身经历，要求学生积极参与实践活动，并以学生的现实生活和社会实践为基础发掘课程资源。
（3）开放性：综合实践活动面向每一位学生的个性发展，尊重每一位学生的发展需要，其课程目标具有开放性。
（4）生成性：随着综合实践活动的不断开展，新的目标和主体不断生成，学生在这个过程中充满了兴趣，促进了认识，体验和创造性的产生，这是综合实践活动生成性的集中体现。
（5）自主性：综合实践活动充分尊重学生的兴趣爱好，有利于学生自主性的充分发挥。"
38,"简答题。简述运用读书指导法的基本要求。","读书指导法是教师指导学生通过阅读教科书和课外读物获取知识、发展智力的方法。运用读书指导法的基本要求如下：
（1）提出明确的目的、要求和思考题。
（2）教给学生读书的方法。
（3）加强评价和辅导。
（4）指导学生写好各种形式的读书笔记。
（5）适当组织学生交流读书心得。"
39,"简答题。简述布鲁纳认知学习说的主要观点。","布鲁纳主张以发现学习的方式，使学科的基本结构转变为学生头脑中的认知结构，从而提出认知学习说理论。其基本要点如下：
学习观：
（1）学习的实质在于主动形成认知结构，而非被动地形成刺激-反应联结。
（2）学习包括获得、转化和评价三个过程。
（3）发现学习是学习的最佳方式。
教学观：
（1）教学的最终目标是促进学生对学科基本结构的一般理解，所谓学科的基本结构，是指学科的基本知识、基本方法与基本态度。
（2）教学原则:动机原则、结构原则、程序原则、强化原则。
（3）学生掌握学科的基本结构的最好方法是发现学习，发现法是指用学生自己的头脑去亲自获得知识的一切形式。"
40,"简答题。简述资源管理策略的主要构成。","资源管理策略则是辅助学生管理可用的环境和资源的策略。具体包括以下结构：
（1）时间管理策略
在时间管理上，应做到：统筹安排学习时间，高效利用最佳时间，灵活利用零碎时间。
（2）环境管理策略
注意调节自然条件，如适宜的温度、明亮的光线以及和谐的色彩等，还要设计好学习的空间，如空间范围、室内布置、用具摆放等。
（3）努力管理策略
激发内在的动机、树立正确的学习信念、调节成败的标准、正确归因、自我奖励等。
（4）业求助策略
学业求助策略指当学生在学习上遇到困难时，向他人请求帮助的行为，是一种获取知识，增长能力的一种途径，是一种重要的学习策略。包括向老师、同学请教；同时，要善于利用各种参考资料、工具书、图书馆、广播电视以及计算机网络等。"
41,"阅读材料，并回答问题。
材料:朱老师在八年级《多彩的音乐剧》单元教学时，主动请教了音乐剧专业的教师，学习音乐剧表演的相关知识与技能，同时，邀请了本校的美术、语文、英语等学科的老师共同探讨教学活动，引导学生进行音乐编创。在老师们的努力下，学生们展示了多个自编、自导、自演的音乐剧片段，并自主撰写了剧评。
问题：依据义务教育课程标准的基本理念，分析该教师的教学行为，并说明理由。","该片段是一篇优秀案例，值得提倡。1.案例中坚持了以美育人的基本理念，落实了核心素养。在案例中，老师引导学生积极参与音乐剧的自编自导自演，使学生深入地理解和感受音乐，做到了感受美、欣赏美、表现美、创造美，丰富了学生的审美体验，增强了学生学习的自信心，了解了世界文化的多样性，开阔了艺术视野。
2.案例中重视了学生的艺术体验，老师引导学生们通过音乐剧这一单元的学习，展示多个自编自导自演的音乐剧片段，撰写剧评。进一步强调了艺术课程的实践导向，使学生在以艺术体验为核心的多样化实践中，提高了自己的艺术素养和创造能力。激发了学生参与艺术活动的兴趣和热情。3.案例中突出了课程综合。朱老师为使课程更加多样多彩立体丰满，主动向音乐剧专业教师请教，学习音乐剧表演的相关知识和技能，并邀请本校的美术、语文、英语等学科教师共同探讨，最终使学生展示了多个自编自导自演的音乐剧片段，并撰写了剧评。做到了以音乐学科为主体，加强与其他学科的联系，充分发挥了协同育人的功能。汲取了丰富的审美教育元素，促进了学生身心健康全面发展。"
42,"论述题。央视某年春晚的《只此青绿》节目，其创作灵感来源于宋代王希孟的《千里江山图》。请结合《义务教育艺术课程标准（2022年版）》谈谈跨学科课程与教学的价值。
","根据新课标精神，跨学科学习是以大概念、大问题、大项目、大任务的方式进行课程设计，是对多种资源的重组，在多学科合作中应避免目标遗失、弥散。在美术课程教学中，跨学科课程与美术教学有其自身的价值，主要体现在:
第一，加强美术学科与其他艺术的融合，丰富学生的艺术知识和技能的储备。第二，重视艺术与其他学科的联系，增强了课程的丰富性充分发挥协同育人功能。在学生遇到实际问题时能够融合不同学科的知识进行解决，从而培养了学生的综合学习，创新创造力。第三，注重艺术与自然、生活、社会、科技的关联，帮助学生汲取丰富的审美教育元素，传递人与自然和谐共生理念，促进学生身心健康全面发展。
总之，跨学科课程与美术教学相结合有助于促进学生全面发展。"
43,"阅读材料，并回答问题。
材料:李老师在上《绘画的构图》一课时，前20分钟让学生欣赏詹建俊的《狼牙山五壮士》，然后让学生分组讨论如何通过合适的构图表现五壮士的英勇壮举，并用动作模仿一字形构图、分散式构图、三角形构图、圆形构图，探索最佳的构图效果，最后归纳出三角形构图最能表现英雄气概的结论。
问题：分析李老师的教学过程是否合理，并说出理由。","李老师的教学过程不合理。首先《绘画的构图》一课属于造型，表现的艺术实践活动。该实践活动需要学生掌握美术知识、技能和思维方式，围绕题材，提炼主题，采用平面，立体或动态等多种表现形式表达思想和情感。《绘画的构图》这一课的教学重点则是需要学生在了解构图的基础理论知识后能够发挥主观的能动性掌握构图表现形式，利用构图原则进行绘画作品的创作，而李老师在授课过程中确实是引导学生充分赏析了美术作品《狼牙山五壮士》的构图形式，也充分理解和体验了不同的构图表现形式，但是却没有设计学生的课堂实践这一教学环节所以教学环节缺失。
其次李老师在授课过程中花费大量时间引导学生进行美术作品的欣赏，教学过程设计不合理，没有突出本节课程的教学重难点，本节课程教学重点应该是引导学生赏析不同表现类型的构图形式后进行绘画构图作品的创作。"
44,"阅读材料，并回答问题。
材料:在《用大自然色彩美化生活》一课的评价环节，陈老师将全班同学作业展示在墙壁的“作业园地”，采用全体同学投票的方法，选出3幅优秀的作业。
问题：请根据《义务教育艺术课程标准（2022年版）》的评价建议，从优点、不足和建议三个方面对上述评价环节进行分析。
","优点：①尊重学生的主体地位:陈老师采用全体同学投票的方法，让学生参与到作业的评价过程中，这充分尊重了学生的主体地位符合义务教育艺术课程标准中强调的以学生为主体的评价理念②注重过程性评价:通过墙壁的“作业园地”展示学生作业能够及时了解学生的学习状况，同时通过投票进行评价，可以引导学生关注自己在作业完成过程中的努力和进步，而非仅仅注重结果。
(2)不足
标准不清晰:在投票过程中，教师没有明确评价标准，可能会导致学生对优秀作业的理解产生分歧，从而影响评价的公正性和客观性。
(3)建议:
①制定更详细的评价标准:为了使投票过程中的评价更加公正合理，陈老师可以制定更详细的评价标准。例如根据学生的作业内容、创意、技术水平等方面制定具体的评价细则，帮助学生全面了解优秀作业的标准。
②增加评价环节的透明度:陈老师可以在投票前对全体学生进行评价标准和流程的讲解，确保每个学生都了解评价环节，增加评价的透明度，从而保证评价的公正性和客观性。
总之，通过上述建议，陈老师可以进一步完善评价环节，让《用大自然色彩美化生活》一课中的评价环节更加公正、客观和有效。"
45,"简答题。简述《凡尔赛条约》的主要内容。","(1)领土:重划德国疆界，阿尔萨斯——洛林归还法国，萨尔煤矿归法国开采。
(2)军事:莱茵河西岸的德国领土由协约国占领15年，莱茵河东岸50千米内，德国不得设防;禁止德国实行义务兵役制，不许德国拥有空军，限制德国陆军的人数。(3)政治:德国承认奥地利、波兰等国的独立。(4)赔款:由协约国设立赔偿委员会，决定德国战争赔款的综述
(5)殖民地:德国的全部海外殖民地由英、法、日等国瓜分(体现了巴黎和会分赃的性质)。
(6)山东权益:将德国在中国山东的权益全部转给日本。"
46,"简答题。简述历史教师如何借助网络引导学生进行研究性学习。",(1)运用网络帮助学生确定选题。可以给学生提供研究课题的相关网页，并布置一定的方向，引导学生确定一个选题。(2)知道学生应用网络资源开展研究阶段。学生根据自己的课题，通过网络去搜集研究的素材，进行分析整理得出结论，和他人交流，得到他人的帮助。老师做到协调组织、激励指导(3)组织好学习成果的交流与评价。教师指导学生把研究报告整理、制作成课件或网页形式，发布在网络上，并设置有教师和学生讨论的意见栏及评分标准。
47,"简答题。概述学业质量的内涵，并说出衡量学业质量3个方面的要求。","(1)内涵:学业质量是学生在完成课程阶段性学习后的学业成就表现，反映核心素养要求。学业质量标准是以核心素养为主要维度，结合课程内容，对学生学业成就具体表现特征的总体刻画。
(2)3个方面的要求:①掌握历史发展过程中的重要史事:②了解历史发展过程中的各种联系，③认识历史发展的基本规律和大趋势。"
48,"简答题。简述伽利略关于质量不同的物体下落快慢的观点及论证过程。","伽利略认为重物和轻物下落的快慢相同。一块重物的下落速度要比一块轻物的下落速度大。假定大石头的下落速度为V1，小石头的下落速度为V2，当我们把两块石头捆在一起时，大石头会被小石头拖着而减慢，结果整个系统的下落速度应该小于V1;但两块石头捆在一起，总的物重比重物还要重，因此整个系统下落的速度要比V1还大。这样，就从“重物比轻物落得快”的前提推断出了互相矛盾的结论。因此伽利略认为重物和轻物下落的同样快。
之后伽利略通过斜面实验经过科学的推理，发现了物体从斜面滑下的运动规律，当斜面变为竖直的角度时就变成了自由落体运动。经过科学推理，重物和轻物下落的加速度相同，也就是重物和轻物下落的快慢相同。"
49,"简答题。请简要回答具备计算思维的学生会有哪些主要表现。","计算思维是指个体运用计算机科学领域的思想方法，在问题解决过程中涉及的抽象、分解、建模、算法设计等思维活动。具备计算思维的学生，能对问题进行抽象、分解、建模，并通过设计算法形成解决方案;能尝试模拟、仿真、验证解决问题的过程，反思、优化解决问题的方案，并将其迁移运用于解决其他问题。
首先要能够准确地描述问题，并将问题逻辑地分解为若干求解步骤;其次是从这些步骤中抽象出本质性的操作模型，并寻找能通过计算机等工具自动化执行实现的方案;最后选择一种最有效的自动化方案让计算机执行，实现问题解决。通过计算思维学习,学生可以掌握如何分析新信息和处理新问题。这种思维方式，会带来解决问题能力的提升。计算思维的实践可以帮助学生养成持续学习、尝试多角度解决复杂问题、甚至提出新问题的能力。"
50,"阅读材料，并回答问题。
材料：复习课是中学化学教学中一种重要的课型。以某个专题内容为核心开展主题式学习是中学化学教师经常采用的一种复习课教学形式。
问题：（1）请说明复习课在化学教学中的功能。
（2）请以“溶液”的复习为例，说明化学主题式复习教学常用的两种策略。","复习课既要通过复习使学生对化学的基础知识能够准确熟练地掌握，又要能够灵活运用;复习课既要把学过的知识系统化，使这些知识在学生头脑中形成知识网络，又要结合学生实际，通过复习能够做到堵漏补缺，扬长补短，同时弥补教师在教学中的不足;复习课既要提高思维能力，提高分析和解决问题的能力，又要进一步培养学生的自学能力，发展独立思考，刻苦钻研的精神。
同时，还要关注课堂反馈，精选的问题能及时反馈教学信息随时调节教学，及时纠正或强化使教与学的针对性都强，教师及时了解学生掌握了什么?还未掌握什么?哪些学生掌握了?哪些学生还未掌握等等。
(2)主题关键词:溶液的组成特征、饱和溶液与不饱和溶液、溶质的质量分数
策略1:明确目标，强化基础。掌握复习课的主题，可以溶液的组成特征为源头
策略2:构建体系，突破难点。通过溶液的组成特征串联多个知识点，以有沉淀析出和无沉淀析出两个特点将饱和溶液和不饱和溶液引出来
策略3:联系实际，关注热点。联系生活中糖水盐水等实际生活，进行知识点的强调。"
51,"阅读材料，并回答问题。
材料：在化学教学中，教师首先要对教学内容的重点和难点进行分析和判断，进而在教学中“突出重点，突破难点”。
问题：
（1）什么是“教学重点”和“教学难点”？二者有什么关系？
（2）初中化学教学中，主要的教学难点可能有哪些？“突破难点”的主要教学策略有哪些？
","(1)教学重点是全面中的重要的部分，这部分是必须授课中需要强调和提出掌握的;难点是指某一点复杂难懂，需要仔细分析讲解的;重点和难点的区别在于一个是掌握宏观之中的重要精髓，另一个是授教微观中的难题解析。教会学生做到:重点是必须明确的，难点是必须学懂的。教学要求掌握的知识要点并不一定都存在教学难点.在实际教学中,教学重点往往包含了难点。
(2)初中教学中主要的难点可能有:内容上:①根据化学方程式进行计算②物质的分类涉及到混合物、纯净物③四大基本化学反应类型的区分及计算的区分④溶解度和饱和溶液与不饱和溶液;形式上:教材内容上的知识点衔接
突破难点的教学策略:(一)采取多样化的教学方法，进而来激发学生学习化学的兴趣。在当前的初中阶段，大多数的学生都处于爱玩的阶段，因而这些学生在学习化学的过程中，难免会受到影响。具体来说就是学习化学没有较强的积极性和主动性。(二)加强实验教学，不断创新实验。在化学这门学科上，其中理论知识都主要来源自然中现象的科学探究。在当前初中阶段，化学实验不仅能够在一定程度上丰富学生在化学学习上的知识，同时也是有效提升化学素质和相关技能的重要途径。(三)采用分散记忆的方式对学生进行课前教学作为初中化学教师，其要想能够让学生更好的对元素符号或者化学方程熟练的对其掌握，其就可以采用分散记忆的方式来帮助学生学习。"
52,"简答题。“仰卧两头起”练习可发展哪些肌肉的力量？",做仰卧两头起，是双重卷腹动作，宜慢上慢下，能使上腹和下腹同时承受压力煎熬;伸直大腿需要股四头肌绷紧;收腹举腿手脚相碰，也需要掌握速度节奏，保持四肢的协调能力。所以这种体姿的动作受力，能集中刺激上下腹肌部位甚至腿部，能较好锻炼到腹直肌和股四头肌。
53,"简答题。简述体育教学设计的基本结构要素。",体育课教学设计的基本要素包括:教学任务，教学对象;教学目标;教学策略;教学过程;教学评价。这六个基本要素相互联系、相互制约，构成了教学设计的总体框架。
54,"简答题。体育与健康课程在选择与设计教学内容时应考虑哪些因素？","(1)体现“目标引领内容""的思想(2)符合学生身心发展特点;(3)充分考虑学生的运动兴趣与需求；(4)适合教学实际条件；(5)重视健康教育。"
55,"阅读材料，并回答问题。
材料：周老师组织“太阳当空照”教学活动时，阳阳举起手，大声地问：“老师，哪里有太阳，根本看不见啊!”周老师说：“看不见太阳?那太阳到哪里去了呢?”阳阳眨着眼睛，想了一会儿说：“我妈妈说了，太阳让乌云遮住了。”
问题：请结合材料，从教育观的角度，评析周老师的教育行为。","周老师的行为符合教师职业理念，践行了素质教育观。
首先，素质教育要求面向全体学生。材料中周老师组织集体的游戏活动，让全班同学共同参与，一起讨论，共同寻找问题答案，体现了面向全体学生。
其次，素质教育要求促进学生全面发展。材料中周老师不仅教会学生明白什么叫雾，还引导学生与家长分享时，提醒父母注意安全，体现了促进学生全面发展。
最后，素质教育要求促进学生个性成长。材料中，周老师对小池的提问与新奇想法给予充分尊重与引导，体现了促进学生个性成长。
综上，周老师的行为是正确的，践行了素质教育观，符合教师职业理念。"
56,"阅读材料，并回答问题。
材料：晨间活动时，琳琳跑到我面前把一本绘本递给我，难过的说：“黄老师，你看，谁把我绘本的封面撕掉了!”我接过绘本，对着平时比较调皮的涛涛说：“这肯定是你撕掉的!”涛涛委屈地看着我，摇了摇头......
看到孩子们露出了难以置信的神情，我意识到自己的言行有些不妥。这时我突然想到了“悄悄话”的办法......小军笑着点点头转过身向琳琳道歉。我对全班幼儿说：“刚才老师错怪了你，涛涛对不起!“
问题：请结合材料，从教师职业道德角度，评价黄老师的教育行为。","黄老师的行为需要辩证的看待。有一部分违背了《教师职业道德规范》，另一个部分符合《教师职业道德规范》中的要求。
首先，黄老师做到了爱岗敬业。要求教师勤思敬业，对工作高度负责。材料中黄老师面对幼儿提出的问题积极去解决引导，实际上是敬业的体现，但在一开始时方法不当，经过反思后积极改正了自己的教学行为和方法。
其次，黄老师做到了关爱学生。要求教师关心爱护全体学生，尊重学生人格，平等公正对待学生。对学生严慈相济，做学生良师益友。材料中，黄老师一开始二话不说就认为是淘气的涛涛做坏事，没有尊重涛涛的人格尊严，并且还在全班公开发表威胁言论。后来看到孩子们的神情紧张后反思改正，用悄悄话的形式引导小军承认错误。
再次，黄老师做到了教书育人。要求学生遵循教育规律，循循善诱，诲人不倦，因材施教。培养学生良好品行。材料中，黄老师经过反思后引导小军承认错误后向小琳道歉，在培养小军的良好品行。
再次，为人师表。要求教师严于律己。以身作则，语言规范，举止文明。材料中，黄老师说被老师发现了你们就惨了的言论是带有威胁含义的，不符合教师职业道德规范，后来反思改正后，言行举止更为文明，柔和，孩子们也更愿意听从。
总之，我们在今后的教育教学生活中，要以黄老师优秀的行为作为榜样学习，错误的行为加以避免。"
57,"阅读材料，并回答问题。
材料：郑老师刚接手四(1)班时，大家都为她捏了一把汗，因为这是一个令老师们都头疼的班。接手后郑老师对学生进行了分析，发现这个班的学生并不都差，主要是士气较低。于是，郑老师协同其他任课教师通过班会课、“课前三分钟”等引导学生开展“每个人的生命都是无价的”“一定要争气”“做最好的自己”等一系列自我激励的教育活动。慢慢地，四(1)班的士气有所好转。
郑教师让任课教师经常反馈学生的进步，并把“记录每天的进步”作为学生必须完成的家庭作业，此外，她还开展了诸如“我给你找优点”等班级活动。两个月下来，郑老师为学生制作的“进步天天见”的册子写得满满的。但是，仍有5名学生的学习成绩提升缓慢，郑老师对学生说：“你们要对自己有信心，我的这种方法用很多年了，其他学生都能有进步，对你们也一定管用。”
问题：请结合材料，从学生观的角度，评析郑老师的教育行为。","材料中，郑老师的教育行为需要辩证的来看待，她最初的教育行为是符合学生观的要求，其后做法不恰当。
首先，“以人为本”的学生观认为学生是发展的人。学生具有巨大的发展潜能，学生是处于发展过程中的人。材料中，郑老师接手令老师头疼的班时，通过分析学生，发现班级学生并不差，相信学生是有潜力的，通过协同其他任课老师引导学生开展一系列自我激励的活动，体现了学生是发展的人。
其次，“以人为本”的学生观认为学生是独特的人。每个学生都有自身的独特性。材料中，在有个别学生成绩提升缓慢时，郑老师觉得她的方法适合所有学生，没有很好的做到因材施教，没有意识到学生是独特的人。
最后，树立正确的学生观，教师还应该做到教育公正，面向全体学生。材料中，郑老师对于“令老师们都头疼的班”的同学们没有放弃，开展了种种活动来帮助他们，做到了教育公正。
综上所述，对材料中老师所表现的正确的行为我们应当学习，而错误的行为我们需要引以为戒。"
58,"阅读材料，并回答问题。
材料：下面是班主任陈老师在小辰的师生“悄悄话”本上的部分留言：
4月6日：今天你怎么迟到了呢?你解释说是起床晚了。晚上睡觉时，把闹钟调好，老师相信你以后绝不会迟到了!
4月9日：今天语文课上，你精彩的发言赢得了阵阵掌声，真棒!
4月13日：我发现你最近总是闷闷不乐，上课听讲注意力也不太集中，有什么心事，可以告诉我吗?
4月15日：你最近学习有进步哦!老师还要为你能帮助生病的晓君点个大大的赞!
4月19日：在大扫除活动中，你主动要求擦窗户，擦得真干净。你在家也准是个爱劳动的好孩子!
4月23日：班级的图书角里多了几本新书，老师一看，原来是你捐的。你真是个热爱班集体的好学生!
4月30日：哇，你还会跳街舞!你今天在班会上的展示让大家刮目相看，老师也要向你学习，培养不同的兴趣.
问题：请结合材料，从教师职业道德的角度，评析陈老师的教育行为。","材料中，陈老师的教育行为符合教师职业道德的要求，值得我们学习。
首先，材料中陈老师的教育行为符合关爱学生的教师职业道德要求。关爱学生要求教师关心爱护全体学生，做学生的良师益友，尊重学生人格，平等公正对待学生。材料中，陈老师在小辰的师生“悄悄话”本上的留言，体现了陈老师关心爱护小辰，关注到了小辰闷闷不乐的情绪，给予小辰陪伴、支持、鼓励，体现了关爱学生。
其次，材料中陈老师的教育行为符合教书育人的教师职业道德要求。教书育人要求教师循循善诱，诲人不倦，因材施教，培养学生良好品行，激发学生创新精神，促进学生全面发展。材料中，陈老师在面对小辰主动擦窗户，帮助生病的同学等行为予以肯定和支持，培养了学生良好的品信，同时鼓励小辰跳街舞，发展自己的兴趣，因材施教，体现了教书育人。
最后，材料中陈老师的教育行为符合爱岗敬业的教师职业道德要求。爱岗敬业要求教师对工作高度负责，认真备课上课，认真批改作业，认真辅导学生。材料中，班主任陈老师为了能够更好的促进学生的健康发展，不仅写“悄悄话”本，还细心观察学生的举动，及时对学生进行鼓励，对工作认真，对学生负责，体现了爱岗敬业。
综上所述，作为教师需要遵循教师职业道德的基本要求，关心爱护学生，促进学生健康全面的发展。"
59,"阅读材料，并回答问题。
材料：在某高级中学，有时会有学生辍学，学校虽然做了大量耐心细致的工作，但是效果不佳。刚刚参加工作的彭老师第一次担任班主任，自然对学生中途辍学不敢大意，一发现有辍学想法的学生。他就想方设法挽留，如找各科老师了解学习情况，帮助学生树立学习的信心，帮助他们解决生活的困难等。即便如此，依然还有中途辍学的学生，彭老师感到惋惜。有一天，有二十年教龄的赵老师建议彭老师把辍学学生的联系方式记下来。彭老师想，我们做了那么多工作都没能让他们回心转意，他们辍学后就不再是我们的学生了，还记电话号码有什么用呢?但是出于对赵老师的尊重，彭老师还是将辍学学生的电话号码随手记在了班主任日志中。临近期末，赵老师问彭老师：跟辍学的学生联系了没有?彭老师回答：没有。赵老师：试着跟他们联系一下，了解一下情况。彭老师找出电话号码一一打了过去，有的学生已经联系不上，有的学生感到惊讶，有的学生接到电话就哭了起来：老师我一离开学校就后悔了，一直没有勇气再回到学校，您还挂念着我，其实我一直在等您的电话。在彭老师的鼓励下，陆续有学生返回了校园。他在班主任的工作日志上分析了哪些方法是有效的，哪些方法是无效的，并写道：班主任工作的细节就是看似多余的那部分付出。
问题：请结合材料，从教师观角度评析彭老师的教育行为。","材料中彭老师的教育行为是恰当的，践行了新课改背景下的教师观，值得我们赞赏和学习。
首先，新课改的教师观强调教师要成为学生学习的引导者和发展的促进者。材料中，彭老师能够帮助学生树立学习的信心，帮助他们解决生活的困难，体现了引导者和促进者。
其次，在对待教学上，新课程强调帮助、引导。材料中，彭老师能够帮助他们解决生活的困难，并且一个一个联系学生劝其返回校园，这说明彭老师做到了帮助和引导学生。
再次，在对待自我上，新课程强调反思。材料中，彭老师最开始没有意识到保存电话号码的重要性，但后来彭老师在工作日志上分析了方法的有效与否，并能总结出班主任工作的细节，说明彭老师意识到了自己行为的问题，做到了自我反思。
最后，在对待与其他教育者的关系上，新课程强调合作。材料中，彭老师为挽留有辍学想法的学生，找各科老师了解学生情况，并且能够尊重赵老师，在赵老师的指导下联系了曾经辍学的学生使其返回学校，说明彭老师做到了积极合作。
因此，彭老师的做法符合教师观的理念，体现了正确的教师观。作为一名教师，我们要在教育工作中践行教师观的理念，促进学生的发展。"
60,"阅读材料，并回答问题。
材料：在上初一时，小斌经常逃课去网吧，还学会了抽烟。在校期间，为了显示他的“厉害”，经常欺负同学，不遵守班级纪律。同学们对他避而远之，班主任说他无药可救，他反驳道：“对，我就是没人管，没人问，我就是无药可救，不要你管。”初二时，班主任换成了李老师。李老师一开始，就认真了解了每个学生的情况，并形成了成长档案。通过跟同班同学和其他各科老师的沟通，他发现小斌的“变坏”是从父母离婚后开始。而且他发现小斌虽然有一些缺点，但是也有一些特长，比如说他篮球打得好，曾经带领班级篮球队参加比赛获得奖，还喜欢航模。李老师耐心与小斌进行沟通，让他担任篮球队队长，并带头组建航模社团。在班级里，李老师让学习委员当他的同桌，在学习上给予帮助。李老师还联系小斌的父母，反映小斌的情况，希望他们给予更多关爱。在李老师的耐心帮助和引导下，小斌逐渐转变了态度，学习成绩也有所提高。
问题：请结合材料，从教师职业道德角度，评价李老师的教育行为。","材料中李老师的行为符合教师职业道德的相关要求，值得我们学习。
首先，老师的行为体现了关爱学生。关爱学生要求关爱全体学生，平等公正对待学生，对学生严慈相济，做学生良师益友。材料中，李老师没有放弃小斌，努力跟班级同学和各科老师沟通，这说明李老师能够平等的对待小斌，体现了关爱学生。
其次，老师的行为体现了为人师表。为人师表要求教师做到以身作则，团结协作，尊重家长。材料中，李老师不仅在学校中关心小斌的学习，更能及时联系父母，希望家长给予小斌更多关爱，努力形成教育合力，体现了为人师表。
再次，老师的行为体现了教书育人。教书育人要求教师做到遵循教育规律，因材施教，培养学生良好品行。材料中，李老师能够发现小斌的特长特点，根据他喜欢篮球和航模的特点进行因材施教，最终使小斌态度转变，成绩提高，体现了教书育人。
最后，老师的行为体现了爱岗敬业。爱岗敬业要求教师做到乐于奉献，对工作认真负责。材料中，李老师能认真的向同学和各科老师了解小斌，并且耐心地对待小斌，这说明李老师对待工作认真负责，体现了爱岗敬业。
综上所述，作为教师，应当正确理解教师职业道德规范的内容，积极地践行教师职业道德规范，以高尚的师德促进每一位学生的身心健康发展。"
61,"判断正误，并说明理由。有人将《幼儿园教师指导纲要(试行)》中五个领域的教育内容理解为分科上五门课，这种观点错在哪里?
","幼儿园教育指导纲要(试行)》中提出，幼儿园的教育内容是全面的、启蒙性的，可以相对划分为健康、语言、社会、科学、艺术等五个领域，也可作其它不同的划分。各领域的内容相互渗透，从不同的角度促进幼儿情感、态度、能力、知识、技能等方面的发展。
学科是对具有一定关联学科的归类，是授予学位的学科类别，其设置应符合学科发展和人才培养的需要，并兼顾教育统计分类的惯例。"
62,"简答题。美育主要任务是什么？","1、培养和提高学生感受美的能力;
2、培养和提高学生鉴赏美的能力;
3、培养和提高学生表现美、创造美的能力;
4、培养和提高学生追求人生趣味和理想境界的能力。"
63,"简答题。简述少先队活动的基本形式。","少先队的活动形式：
①思想政治教育活动：加强思想政治教育，帮助少年儿童树立革命理想，继承革命传统，培养共产主义道德品质，是少先队活动的重要内容。
②爱科学、学科学、用科学活动，帮助少年儿童学好文化科学知识，为从事社会主义现代化建设和新技术革命做好准备，是少先队的重要任务。
③假期活动，内容丰富、安排得当的假期活动，不仅能使队员得到积极的休息，而且能使他们受到深刻的教育。
④体育、游戏活动。"
64,"简答题。根据班杜拉的理论，影响自我效能感形成的主要因素有哪些?","影响自我效能感的因素主要包括个人自身行为的成败经验、替代性经验、言语劝说、情绪唤醒四个方面。
(1)个人自身行为的成败经验是影响自我效能感的最主要的因素，一般来说，成功经验会提高效能期望，失败的经验则会降低学生的自我效能感，不过，成败经验对自我效能感的影响还要取决于个体对成败的归因方式。
(2)替代性经验，一个人的自我效能感是个人在与环境互动的过程中形成的。当学生看见替代者成功时，就会增强自我效能感;相反，则会降低自我效能感。
(3)言语劝说，用语言说服学生相信自己具有完成给定任务的能力，会使学生在遇到困难时付出更大的努力。
(4)情绪唤醒，在充满紧张、危险的场合或负荷较大的情况下，情绪易于唤起，而高度的情绪唤起和紧张的生理状态会妨碍行为操作，降低个体对成功的预期水平。"
65,"判断正误，并说明理由。教育发展具有历史继承性。","此说法正确。
教育的社会属性包括：永恒性、历史性、相对独立性。
其中相对独立性包括三方面，分别是：质的规定性、历史继承性、与社会生产力和政治经济制度发展的不平衡性。教育历史继承性主要是指不同历史时期的教育都前后相继，后一时期的教育是对前一时期的继承与发展，主要表现为教育内容的继承和教育方法的继承。任何教育都具有历史继承性。"
66,"判断正误，并说明理由。德育过程就是学生品德发展过程。","此说法错误。
德育过程是一种教育过程，是教育者与受教育者双方统一活动的过程，是培养和发展受教育者品德的过程。而品德形成过程是受教育者思想道德结构不断建构完善的过程，品德形成属于人的发展过程，影响这一过程实现的因素包括生理的、社会的、主观的和实践的等多种因素。"
67,"判断正误，并说明理由。人的学习与动物的学习本质上是不同的。","此说法正确。
人类的学习和动物的学习的本质区别是：第一，人的学习除了要获得个体的行为经验外，还要掌握人类世世代代积累起来的社会历史经验和科学文化知识;第二，人的学习是在改造客观世界的生活实践中，在与其他人的交往过程中，通过语言的中介作用进行的;第三，人的学习是一种有目的的、自觉的、积极主动的过程。"
68,"判断正误，并说明理由。学校心理辅导只面向有心理问题的学生。","此说法错误。
学校心理辅导要遵循全员参与，全方位考虑，面向全体学生的原则。其主要对象是全体正常学生。"
69,"简答题。请简述教育对生产力的作用体现在哪些方面?","生产力的发展推动和制约着教育的发展，而教育对生产力的发展也起着巨大的促进作用。
这主要表现在:
(1)教育是劳动力再生产的必要手段。人是生产力中最重要和最关键因素。通过教育可以使人掌握文化科学知识和技术，成为专门的人才。这些人进入生产过程之后，就能不断地促进生产力的发展。教育把可能的生产力转化为现实的生产力，是劳动力再生产的重要手段。
(2)教育是科学知识技术再生产的手段。科学技术是第一生产力。通过教育，可以使科学技术知识从原来为少数人掌握到为更多人所掌握，并且运用到生产实践中，由此推动生产力的发展。
(3)教育是生产新的科学知识技术的手段。教育的主要职能是传递人类已有的科学知识，但它也能承担生产新的科学技术知识的任务，这在高等学校表现得尤为明显。新的研究成果和发明一旦在生产中被应用，就能提高社会生产力。"
70,"简答题。请简述校本课程开发的基本特点。","校本课程的四个突出特征：
(1)实践性：校本课程大多属于实践性课程，而不属于学科类课程。它不以系统知识为基本内容，也不以读书、听讲为主要学习方式，而是围绕学生需要研讨和解决的问题来组织具有多样性、动态性的课程资源，引导学生在调查研究、讨论探究等活动中进行生动活泼的学习。
它强调学生应在活动中学，注重直接体验和经验积累，反对重理论轻实践、重知识轻能力的倾向。
(2)探索性。校本课程是以培养学生的创新精神和实践能力为核心理念。
各门校本课程应是围绕一系列重要问题或挑战性任务而编排学习内容、安排学习活动的，学生便按照一系列课题或主题参加学习活动，在活动过程中收集书面材料和实际材料，进而通过自己的思考、操作以及与同伴的讨论去解决问题或提交作品。
(3)综合性。各门校本课程的内容是围绕一个一个主题或课题而从多种学科和多种现代媒体中收集组织的。
(4)以学生为主体。各门校本课程的构建都把学生的发展置于中心地位。"
71,"简答题。简述中学生发散思维的基本特征。","发散思维具有以下基本特征：
(1)流畅性。即个人面对问题情境时，在规定的时间内产生不同观念的数量的多少。
(2)变通性。即灵活性，指个人面对问题情境时，不墨守成规，能随机应变、触类旁通;对同一问题所想出不同类型答案越多者，变通性越高。
(3)独创性。即指个人面对问题情境时，能独具匠心，想出不同寻常的、超越自己也超越前辈的意见。"
72,"简答题。简述良好的性格培养途径。","(1)树立效仿的榜样
(2)提供实际锻炼的机会
(3)及时进行个别指导
(4)创设优良的集体气氛
(5)鼓励学生自我教育"
73,"阅读材料，并回答问题。
材料：在自由区域活动的时间，凡凡和瑶瑶选择去做工项链。老师为他们提供了材料，并且给了他们制作的步骤。凡凡是按照制作步骤开始制作的，但是瑶瑶却不是按照步骤制作的，凡凡跟老师说:“老师，你看他跟我做的不一样，做的是不对的。”老师听见之后过来找瑶瑶说:“哦，你做的不一样吗?那一会儿等你做完，我们看看你做的什么样。然后瑶瑶特别自信的说:“等着看吧你们。
后来瑶瑶做完了，他做的项链是根据妈妈戴的项链做的，然后他做完之后，老师展示了他的项链，并且表扬了他，还说他观察的很认真仔细。在班上展示了他的作品，后来小朋友们也纷纷的夸赞他，后来老师让瑶瑶去上台讲了他的创作的意图。老师又把其他幼儿的作品一一的给大家来进行了点评。课后老师去积极的整理了这次的教学内容进行反思，经针对经验不足的问题进行了改进，用于以后撰写论文和做课程研究。
问题:请用教师观的内容评价该老师的行为。","该教师的教育行为符合新课改背景下对教师的相关要求，是值得我们赞赏和学习的。
1教师是学生学习的引导者和学生发展的促进者。教师是学生学习能力的培养者，是学生人生的引路人。教师不只是知识的传授者，更应该是学生发展的促进者，这种发展不只是在学业方面，更体现在对学生人格健康成长和个性发展的关心上。材料中，老师得知瑶瑶不是按照步骤制作，没有批评他，而是表达出期待她的作品。体现了老师是学生学习能力的培养者，是学生学习的促进者。
2教师是课程的建设者和开发者。新课程侣导民主、开放、科学的课程观念。教师必须在课程改革中发挥主体性作用，教师不能只是课程的执行者，更应成为课程的建设者和开发者。材料中，老师在自由区域活动的时间，凡凡和瑶瑶选择去做手工项链。金老师为他们提供了材料，并且给了他们制作的步骤。并在学生不按照步骤制作时，给予鼓励和夸赞，邀请其表达创作意图，体现了教师是课程的建设者和开发者。
3.教师是教育教学的研究者和反思者。教师在教学过程中要以研究者的心态置身于教学情境之中，以研究者的眼光审视和分析教学理论与教学实我中的各种问题，对自身的行为进行反思，对出现的问题进行探究，对积累的经验进行总结，使其形成规律性的认识。材料中，老师课后积极的整理了这次的教学内容进行反思，经针对经验不足的问题进行了改进，用于以后撰写论文和做课程研究。体现了教师是教育教学的研究者和反思者。
总之，该教师的行为符合新课改背景下的教师观。树立了正确的教师观，真正的做到了教书育人，值得我们学习借鉴。"
74,"阅读材料，并回答问题。
材料：周老师让学生们续编大灰狼的那个故事，强强的想象力特别好，他讲的故事绘声绘色，但是他在讲到最后的时候，他讲小动物们都打败了大灰狼，然后把大灰狼的头砍下来了，后来让大家都觉得非常的害怕，琪琪还害怕的哭了起来。老师就把琪琪把他抱在怀里，然后说老师在这儿呢，别害怕。后来老师就开展了一个特别愉快的游戏。
再后来周老师就给大家读绘本，读《你看起来很好吃》。老师让大家积极的去说自己喜欢这个故事中的谁，为什么学生们都说喜欢谁谁谁，然后因为他很有爱心，很善良之类的...后来老师就赶紧说，我们要去做一个善良的，有爱心的人，要爱护和保护小动物，不能伤害他们。
请根据教师职业道德来评价周老师的教育行为。","材料中，该教师的做法是正确的，他践行了教师职业道德的要求，值得我们学习借鉴。
(1)该教师践行了“关爱学生""的职业道德。要求教师关心爱护全体学生，尊重学生人格，维护学生权益，关心学生健康，对学生严慈相济，做学生的良师益友。不讽刺、挖苦、体罚或变相体罚学生。材料中琪琪因为绘本中的故事害怕的哭了起来,周老师就把琪琪抱在怀里,然后说老师在这儿呢，别害怕。体现了周老师的教育教学行为践行了关爱学生的职业道德。
(2)该教师践行了“教书育人”的职业道德。要求教师实施素质教育，循循善诱，海人不倦，因材施教。激发学生创新精神，不以分数作为评价学生的唯一标准。材科中周老师给大家读绘本，读《你看起来很好吃》。老师让大家积极的去说自己喜欢这个故事中的哪个人物，为什么学生们都说喜欢谁，因为他很有爱心，很善良之类。体现了周老师的教育教学行为践行了教书育人的职业道德。
综上，周老师的行为是可行的，值得我们学习借鉴。"
75,"简答题。简述幼儿无意想象的主要表现。","(1)想象目的不明确，容易受外界干扰，想象主题不稳定。
(2)想象的内容零散，缺乏系统性。
(3)想象活动只需过程,不在意结果。
(4)想象受情绪和兴趣的影响。"
76,"简答题。简述游戏对幼儿发展的作用。","游戏对幼儿身体、智力、社会性、情感发展具有重大作用。
(1)在身体发展中的作用:①促进儿童身体的生长发育;②发展儿童的基本动作和技能;③增强儿童对外界环境变化的适应能力;④有利于儿童的身心健康。
(2)在智力发展中的作用:①游戏展和加深儿童对周围事物的认识，增长儿童的知识。②游戏促进儿童语言的发展;③游戏促进儿童想象力的发展;④游戏促进儿童思维能力的发展;⑤游戏提供了儿童智力活动的轻松愉快的心理氛围。
(3)在社会性发展中的作用:①游戏提供了儿童社会交往的机会，发展了儿童的社会交往能力;②游戏有助于儿童克服自我中心化，学会理解他人;③游戏有助于儿童社会角色的学习,增强社会角色扮演能力;④游戏有助于儿童行为规范的掌握，形成良好的道德品质;⑤游戏有助于儿童自制力的增强，锻炼儿童意志。
(4)在情感发展中的作用:①游戏中的角色扮演丰富了儿童积极的情绪情感体验;②游戏中的自由自主发展了儿童的成就感和自信心;③游戏中的审美活动发展了儿童的美感;④游戏中的情绪宣泄有助于儿童消除消极的情绪情感。"
77,"论述题。
陈鹤琴说过幼儿发展具有整体性。虽然他把幼儿发展划分为健康，科技，艺术,文学等5类,但是他们是相互作用的。结合陈鹤琴的观点，分析学习和发展的整体。
","(1)陈鹤琴根据五指活动”提出了“整个教学法”，课程结构应该具有整体性，应促进学前儿童整体的有机发展。为此，陈鹤琴以人的五个连为一体的手指作比喻，创造性地提出了课程结构的“五指活动""理论。这五个方面是相互联系的，就像人的五个手指，共铜构成了具有整体功能的手掌。学前教育课程的全部内容包括在这五指活动之中。陈鹤琴先生在整个教学法中，批评当时小学和幼稚园的分科教学法，强调以幼儿经验，身心发展特点和社会发展需要作为选择教材的标准，反对实施分科教学,提倡综合的单元教学，以社会自然为中心，主张游戏式的综合性教学法。整个强调的是学习和发展的整体性。
(2)《指南》中提出:儿童的发展是一个整体，要注重领域之间、目标之间的相互渗透和整合，促进幼儿身心全面协调发展，而不应片面追求某一方面或几方面的发展。
(3)幼儿园各学习领域的内容是综合的，而不是彼此割裂的。幼儿园教育活动整合的方式多以贴近幼儿生活的某一主题为核心，将健康、语言、科学、社会及艺术等各领域的教育内容有机联系有机渗透，以此促进幼儿的全面和谐发展，因此，幼儿园教育活动又具有渗透性。"
78,"阅读材料，并回答问题。
材料：三岁半的蒙蒙，很喜欢和小伙伴一起玩耍,可是奶奶却说:“你还小，出去玩会，被别的孩子欺负的，就在家玩多好。”有时邻居家的小朋友想到家里来找蒙蒙玩，大人常嫌添乱，而替蒙蒙婉言谢绝，于是蒙蒙就只能在家独自玩耍.
问题:试运用同伴对幼儿发展的作用的相关知识，对蒙蒙家长的做法进行评析。","同伴关系是人际交往的重要组成，通过这种同伴交往所形成的同伴关系与同伴经验是幼儿社会性发展的一种需要,对社会性发展起着重要的作用，幼儿阶段孩子就已表现出交往能力的差异。对幼儿来说，进入幼儿园后生活中最经常、最主要的接触者就是同伴。良好的同伴关系是幼儿心理健康发展的重要精神环境，有利于他们形成自尊、自信、活泼开朗的性格，有利于促进其社会化及心智的发展。
材料中,蒙蒙处于三岁半的年龄,渴望与小伙伴玩耍,说明他有与同伴交往的需要。作为家长，应当教会儿童接纳，融洽儿童的同伴关系。要使他们了解受欢迎幼儿的性格特点及自身存在的问题，帮助他们学习如何与他人友好相处;引起他幼儿发现这些幼儿的长处,及时鼓励和表扬,提高这些幼儿在同伴心目中的地位;要使得同伴之间互相接纳成为而儿童的一种日常的交往行为，关注对幼儿交往策略的指导。"
79,"简答题。学习动机强度与学习效果的关系。",耶克斯——多德森定律表明，动机强度与工作效率之间的关系是倒U型曲线关系。一般来说，动机强度处于中等水平，学习效率最高，即动机强度处于中等水平时，工作效率最高。任务容易，动机中等偏高；任务困难，动机中等偏低。
80,"简答题。简述小学德育中实施奖惩法的要求。","奖惩法是教师对学生品德进行肯定或否定的评价，促使品德健康发展。
要求：（1）有明确的目的和正确的态度
（2）公正合理，实事求是，坚持标准
（3）发扬民主，让学生积极参与评价活动
（4）把奖惩和教育结合起来，坚持育人为目的"
81,"简答题。简述文献查阅对教学研究的作用。","(1）帮助研究人员全面正确地掌握所要研究问题的情况，选定研究课题和确定研究方向;
(2)为教育研究提供科学的论证依据和研究方法;
(3)避免重复劳动，提高科学研究的效益。"
82,"阅读材料，并回答问题。
材料：为了改变历史教学总是死记硬背，学生不喜欢上历史课的状况，吕老师采取灵活多样的教学方法。
他在上课时没有拘泥于课本知识的灌输，而是让学生与历史人物做一次""身价互换"":假如你是张良。当一个老人让你到桥下捡鞋子时，你会怎么做?如果捡上来,又让你帮他穿鞋,你会怎么做?你和张良的选择是否一样?
在学习中国近现代史时，吕老师引导学生分析共产党人、爱国志士等在重大历史事件中所发挥的重要作用，思考“如果我生活在那个时代，我会怎么办""等问题。
在吕老师的课堂上，同学们时而引|经据典开展讨论，时而穿越时空“还原’历史或“重构""”历史。吕老师的教学方法深受学生欢迎，很多学因为吕老师而喜欢上了历史这门学科。
问题:请结合材料，从教育观的角度，评价吕老师的教育行为。","呂老师的教育行为是正确的，体现了素质教育观的相关要求。
(1)素质教育观要求教育要促进学生全面发展,对学生的德智体美劳全面培养，不以某个方面优劣排序，不仅仅只重视学习成绩，只重视主科,只重视特长。材料中吕老师时没有拘泥于课本知识的灌输，采取灵活多样的教学方式，体现了重视学生的全面发展。
(2)素质教育观要求促进学生创新精神和实践能力的培养。鼓励学生探索实践、激发学生想象力、肯定学生的新颖想法，不忽视学生好奇心、创新、实践，忌只给标准答案。材料中的吕老师带领全班同学-起做身份互换,穿越年代还原历史，并带领学生一起思考问题并进行讨论体现了吕老师对学生创新和实践能力的培养。
(3)素质教育观要求发展学生的主动精神,促进学生个性健康发展，允许学生自主探索发现、自主思考,发挥特长、因材施教，不填鸭式教学，不刀切、一锅煮抹杀学生个性。吕老师带领学生自主思考，广泛讨论,符合素质教育观的要求。
(4)素质教育观要求着眼于学生的终身可持续发展。教是为了不教,教育不仅要让学生学会，更要让学生会学，不仅要教给学生知识，更要给学生打开知识大门的钥匙。在学习中国近现代史时，吕老师通过灵活多样的教学方式引导学生学习，使很多学生爱上了历史这门学科,有利于学生终身学习以及可持续发展。
(5)从教学的方法上看，素质教育强调启发式、探究式教学，促进学生生动、活泼地学习。材料中的吕老师采用灵活多样的教学方法采用身份互换穿越等方法帮助学生喜欢上历史并给学生提出开放性的问题。符合启发式、探究式的教学。
综上所述，材料中呂老师的教学行为符合素质教育观的要求，值得我们学习。"
83,"阅读材料，并回答问题。
材料：佟老师的物理课总是很受同学们欢迎。在教”物体间摩擦系数”这个主题时，他首先提出一个问题:“把一个铁球放在地上,一只蚂蚁能否推动它?”学生们感到新奇,饶有兴致地进行探索。
有时候，他还带领学生去附近的企业参观，引导学生关注物理知识的实际应用。
在某次教学研讨中，同事向他请教教学经验时，他说:“想让学生喜欢你的课，教师应该做到“四要”:要了解学生、要吃透教材、要调动学生积极性、要把握好教学节奏。这就要求教师善于学习，因为教学有法而无定法。”而后，他们会围绕具体主题,分头提出教学实施思路,在商讨的基础上形成教学设计。年轻教师很喜欢这样的研讨。
佟老师坚持问读物理教学的最新论著，还会利用噻暑假到大学和研究所参加相关研讨活动,有时还自费去参加前沿培训。有人问他:“您已经是名师了，还参加这些培训啊?""他说:”学习既能让学生受益，又能让自2快乐，何乐而不为呢?""
问题:请结合材料，从教师职业道德的角度，评析佟老师的行为。","教师职业道德要求我们教师要做到爱国守法、爱岗敬业、关爱学生、教书育人、为人师表、终身学习”，佟教师的做法是正确的，他践行了以下教师职业道德的要求。
(1)佟老师践行了“爱岗敬业*的职业道德。要求教师志存高远，勤恳敬业，甘为人梯，紆奉献认真备课上课、批改作业、辅导学生。材料中佟老师带领学生去企业参观，引导学生关注物理的实际应用，体现了其爱岗敬业的职业道德。
(2)佟老师践行了“教书育人“的职业道德。要求教师实施素质教育，循循善诱,诲人不倦，因材施教激发学生创新精神，不以分数作为评价学生的唯一标准。材料中佟老师循循善诱提出问题,引导学生进行物理学习，践行了关爱学生的职业道德。
(3)佟老师践行了“关爱学生“的职业道德。要求教师关心爱护全体学生，尊重学生人格，严慈相济保护学生安全，关爱学生健康，不讽刺、挖苦体罚变相体罚学生。材料中佟老师已经是名师，仍对学生关爱有加，让学生喜欢他的课。
(4)佟老师践行了“终身学习“的职业道德。要求教师要树立终身学习理念，拓宽视野,更新知识结构，潜心钻研勇于创新。材料中佟老师坚持研读最新论著，利用寒暑假参加相关研讨活动，自费去参加培训可以体现。
(5)佟老师践行了为人师表*的职业道德。要求教师衣着得体，语言规范,举止文明。知荣明耻，严于律己，以身作则，关心集体，尊重同事。材料中佟老师积极参与研讨,向年轻教师分享经验，尊重同事，并严于律己不断进取新知识，践行了为人师表的职业道德。
综上所述，佟老师践行了教师职业道德的要求,值得我们学习。"
84,"判断正误，并说明理由。全面发展就是学生德智体美劳五方面平均发展。",此说法错误。全面发展与平均发展不是同一概念。全面发展是指学生在德智体美劳等方面都得到发展。
85,"判断正误，并说明理由。教学是学校教育的唯一途径。","此说法是不正确的。中国学校教育的主要途径有教学、课外活动、团队、班级活动和社会实践等。其中，教学是学校教育的基本途径,但不是唯一途径,它与课外活动、班级活动和社会实践等其他教育途径互相配合，都在教育活动中发挥重要的作用。"
86,"判断正误，并说明理由。气质无好坏之分。","此说法是正确的。气质是表现在心理活动的强度、速度、灵活性与指向性等方面的一种稳定的心理特征。即我们平时所说的脾气、秉性。人的气质差异是先天形成的，受神经系统活动过程的特性所制约。孩子刚出生时,最先表现出来的差异就是气质差异。气质类型包括多血质、胆汁质黏液质、抑郁质，每一种气质类型都有自己的优缺点，不能说某种气质好，某种气质不好。因此题干的说法是正确的。"
87,"判断正误，并说明理由。所有的行为变化都是由学习引起的。","此说法错误。所有的行为变化并不一定都是由学习所引起的，药物、疲劳、疾病等因素也会弓|起行为变化,但这不能称之为学习。学习是有机体由练习或经验而引|起的行为或行为潜能比较持久的变化，因此并不是所有的行为变化都是学习的结果，题干说法是有误的。"
88,"简答题。简述学科课程的特点。","学科课程特点:逻辑性、系统性、简约性、完整性学科课程是当今世界各国中小学课程的主要类型，主张分科设置课程，即从学科知识整体中选取关联密切的内容组成一门学科，分科组织教学。
(1)逻辑性和系统性。
我们在学校学习的每]课程就是学科课程的体现，在教师讲授的过程中，知识就是由浅入深,由易到难的呈现在我们的面前。
(2)完整性
在学习的过程中每一门学科是完整性，并环是片面的形式存在。
(3)简约性
在学习的过程中我们以间接经验为主，所以学科课程具有简约性。"
89,"简答题。简述中学教师布置作业的基本要求。","作业布置的基本要求:
1、作业内容要符合新课标和教材的要求，有助于学生掌握基础知识和基本技能，有助于学生智力的开发和能力的提高。
2、教师要向学生提出明确的作业要求，规定完成的时间，必要时要向学生做示范性指导。
3、在设置作业时，要考虑到学生学习水平的层次和差异性。针对学生的不同基础，设计一些有弹性、有层次性的作业，或布置作业时，分成必做题和选做题，以适应不同层次学生的要求，即让优秀学生吃得饱中等生吃得好，又要让后进生吃得了，使每个学生都能在完成作业中得到发展。
4、教师要及时批改、评价、反馈学生的作业。
5、作业份量要适当、难易适度;合理布置作业要把握好质与量的关系。质是精华,量是多少。在作业布置中,题目要精,要适当。"
90,"简答题。简述中学生情绪情感的特点。","中学生的情绪特点主要表现在以下几个方面:
(1)爆发性和冲动性。青少年学生一旦激起某种性质的情感，情绪会猛烈爆发出来,表现出强烈的激情特征，情绪情感冲破理智的意识控制，淋漓尽致地显露出他们对外界事物的爱、恨、不满或恐惧、绝望等情绪。
(2)不稳定性和两极性。少年学生情绪虽然强烈，但波动剧烈，两极性明显,很不稳定,情绪容易从一个极端剧烈地转向另一个极端，他们对事物的看法较片面，很容易产生偏激反应。
(3)外露性和内隐性。青少年学生逐渐学会控制自己的情感表现和行为反应。他们既表现出强烈的情绪情感的反应，对外界事物的喜怒哀乐喜形于色，淋漓尽致地抒发他们的内心感受;又能逐渐掩饰、压抑自己的情绪,使这种情绪的表露带有很大的掩饰性，并逐渐学会用理智控制自己的情绪反应。
(4)心境化和持久性。一方面青少年会因为成功或收获而使快乐情绪体验延长，表现为积极良好的心境;另一方面因挫折或失败会使不愉快的消极情绪延长，表现为不良的心境，青少年的许多不良情绪往往具有情绪心境化色彩。"
91,"简答题。简述人格的特点。","人格有以下特征:(1)人格的整体性。人具有多种心理成分和特质,如能力、气质、性格、意志才智、情绪、愿望、价值观和习惯等,它们并不是孤立存在的，而是密切联系并整合成为一个有机整体。(2)人格的稳定性。人格的稳定性是指个体的人格特征具有跨时间和空间的一致性。(3)人格的独特性。人格的独特性是指人与人之间的心理和行为是各不相同的。人们在人格上的独特性或差异性就是我们通常所说的“个性”。(4)人格的社会性。人格是个体在社会化过程中形成的，是社会人特有的。不同社会的政治、经济、文化对个体有不同的影响，使人格带有明显的社会性。"
92,"简答题。简述高校学生的基本社会特征。","高校学生的基本社会特征主要表现在以下几个方面：
（1）感受时代精神的敏锐性
感受时代精神的敏锐性是指大学生比成年人和其他青年群体，对时代精神的感受更为敏锐，他们比一般成人更容易体察到时代的变化，能够较快地同时代精神产生共鸣。
（2）参与社会活动的积极性
参与社会活动的积极性是指他们总是以这样或那样的方式参与实际的社会生活，并对社会的发展变化产生一定的影响。
（3）群体成员的互动性
群体成员的互动性是指大学生群体与群体、成员与成员之间互相影响，互相促动，形成一种比较统一的群体行为。
（4）内部结构层次的复杂性
内部结构层次的复杂性包括新、老生之间，不同学科专业的学生之间，来自不同地区学生之间，不同家庭背景学生之间，心理上存在着一定的差异。"
93,"简答题。简述高校教师的社会地位和作用。","高等学校的教师是高等学校的教育者，他们既是某一学科的专家，又是教育教学工作的承担者。因此，高校教师有其特定的社会地位，发挥着特殊的社会作用。
（1）高校教师的社会地位主要体现在以下几个方面：
①高校教师的社会功能。职业的社会功能是指一定的职业对于社会的作用，某一职业的社会作用越大，其职业的社会地位也就越高。高校教师肩负着为祖国、社会培养高级专门人才的重任，在社会上享有崇高的社会地位。
②高校教师的经济待遇，经济待遇是指社会给予某一职业从业人员的物质报酬，包括工资及福利，一般来说，某一职业的经济待遇水平由该职业的劳动性质和劳动形式决定，教师职业是一种专门的职业，教师劳动属于复杂劳动，因此，教师的劳动具有较高的价值。
③高校教师的权利，职业的社会权利是指某一职业的从业人员在履行职责时所享受的各项权利，职业从业人员享有的社会权利的范围、程度与该职业社会地位的高低密切相关。
④高校教师的专业化程度，教师职业作为专门职业，对从业人员各个方面都有很高的要求。
（2）高校教师的作用主要体现为以下两个方面：
①高校教师通过继承、传播、发展和创造人类科学技术、文化知识，来培养各类高级专门人才，促进社会经济文化的发展。
②高校教师通过社会服务，直接推动社会物质文明和精神文明的建设。高校教师利用自身丰富的知识和科研优势，参与国家和地方的科研项目，为社会提供科技服务，制造科研产品，直接参与社会物质财富的生产、创造；通过社会活动，传播精神文明成果，促进社会精神文明的发展。"
94,"简答题。简述高等学校教师的任务。","高等学校的基本职能一般有三种：培养人才、发展科学、为社会服务，高等学校要完成这三种职能，主要通过教师的工作来实现。因此，高校教师的任务主要有以下几方面：
（1）教书育人
每个教师都应积极承担教学工作，认真搞好教学，努力提高教学质量，完成教书育人的任务。高校教师要根据专业设置、培养目标的要求，并遵循大学生身心发展的规律，认真钻研教材，精心组织教学，在传授知识、发展学生智能的同时，还要对学生进行思想品德教育，帮助、引导学生树立正确的人生观和价值观，以培养出全面发展的、高素质的社会主义建设人才。
（2）科学研究
高校教师要通过科学研究，不断提高自己的学术水平，掌握科学研究的规律和治学的方法，从而丰富、更新教学内容，有效地指导学生从事科学研究工作，培养学生的科研能力。同时，教师通过科学研究，可以站在本专业领域的前沿，使自己的研究成果在本学科处于领先地位，从而促进学科发展和专业的改造。因此，高校教师必须把教学与科研更加紧密地结合起来，互相促进、相得益彰，把科学研究当作自己应有的职责。
（3）为社会服务高等学校的现代化和开放性，使得它与社会经济发展、科技进步有着越来越密切的联系。教育尤其是高等教育作为一项产业，应该充分发挥对社会的服务功能。高校教师应该利用自身的丰富知识和科研优势，通过学术报告、科技咨询、培训人才等多种形式为社会服务，创造物质财富和精神财富。在为社会服务的过程中，教师又可以更深入地了解社会对人才培养的要求，了解对高校科研方向的需求，更好地提高教学和科研水平。"
95,"论述题。对高校教师的基本要求有哪些？","在高等教育不断发展的今天，学科之间不断交叉融合，课程内容日益复杂，教学技术手段不断更新，教育的对象不断变化，对象的层次不断扩大。这一系列变化都对高校教师提出了更高的要求，具体包括以下几点：
（1）要有正确的政治方向，忠诚于社会主义教育事业
高校教师必须热爱祖国，热爱党，热爱社会主义，拥护党的基本路线，坚持四项基本原则。树立科学的世界观和方法论，在教学过程中能自觉运用马列主义的立场、观点、方法分析问题和解决问题，引导学生正确认识世界。要忠诚、热爱教育事业，不论遇到什么困难，始终站在教育第一线，全面贯彻党的教育方针，为办好高等教育贡献力量。
（2）要热爱学生，遵循学生身心发展规律培养人才
高校教师面对的学生来源不同、层次不同，这就是要求教师要遵循学生身心发展的规律对学生施加影响，诲人不倦，为人师表。再向学生传授知识的同时，更要注意用热情、友爱的情感感染学生，关心学生，对学生进行全面的指导。
（3）要具有渊博的知识面，精通自己所教的专业或学科
在信息时代的今天，知识的膨胀、信息的充斥、网络的普及对高校教师所应具备的知识深度和广度都提出了更高的要求。教师除了具有广博的文化素质外，还必须精通自己教的学科和专业具有更扎实、更系统、更完整、更高深的专业基础和专业基础知识，并结合科研及时了解本专业的新成果和发展趋势，以适应变化的时代。此外，高校的教师还应该了解相关学科的知识，现代科学的整体性、参透性越来越强，知识的综合性越来越显著，许多学科出现了“你中有我、我中有你的趋势”，作为高等学校的教师，更应该做到基础知识“厚”、专业知识面“宽”。
（4）要具有教育教学能力、科研能力和创性能力高校教师的教育教学能力要求教师在教学内容、教学方法、教学手段上不断更新，因材施教，充分发挥学生的主观能动性，培养学生分析问题、解决问题的能力。教师的科研能力是提高教学水平、深化科学理论知识的重要保障。科研是源，教学是流，有了“源”才有不息的“流”，只有从科研中不断探索学习，才能有利于教学内容的更新，保持对学术发展的敏锐性，保证教育教学质量的提高。教师的创新能力要求教师必须善于捕捉信息，善于分析、观察、综合、反思，要具有科学的怀疑精神和标新立异、打破常规的创造能力。"
96,"简答题。简述高校学生身心发展的特征。","高校学生在身心发展上都开始走向成熟，已全面接近或达到成年人的水平，主要表现在生理层面和心理层面上，具体分析如下：
（1）高校学生的生理发展特征
中国普通高校的大学生年龄一般在17—22岁之间，处于人体生长发育的“第二生长高峰期”的后期，已全面接近或达到成年人的水平，人体器官的功能已趋于完善和成熟，进入相对稳定期。高校学生生理发展的特征表现在：
①生长发育的身体各项指标增长趋于缓慢，已接近或达到成人水平，运动能力显著增强；
②高校学生内分泌腺的发育达到稳定和成熟，生殖系统逐渐达到成熟；
③高校学生的神经系统已接近成人水平，这一时期的青年表现为善于分析和综合观察事物，能够坚持较长时间的脑力活动。
（2）高等学生的心理发展特征
①高校学生认识活动的发展特征
②高校学生的情感发展特征
③高校学生的自我意识发展特征
④高校学生个性倾向性的发展特征
⑤高校学生个性心理的发展特征：气质和性格逐渐完善和稳定下来，具有相对稳定的态度和行为习惯，具备良好的意志品质和理智情感特征。但要注意气质和性格中的消极因素，预防各种心理疾病的产生。"
97,"论述题。高校师生关系的主要表现形式有哪些？","教师和学生是高校教育和教学活动过程中的两个主要角色，也是整个高校内部活动中的两个基本构成要素，因此，师生关系至关重要。其主要表现形式有：
（1）社会学意义上的高校师生间关系
社会学意义上的高校师生间关系主要表现为高校师生在教育教学过程中，为共同完成教育教学任务而建立的一种工作关系和组织关系。这一关系是由高等教育的客观条件所决定的，高校教师和学生各自的身份、任务、职责，注定了两者在教育教学活动中必然会形成一种工作关系。高校师生间良好的工作关系表现为：课堂不再是由教师一统天下，师生间可围绕一个共同的主题畅所欲言，在教师充分发挥导向作用的同时，学生也是课堂的主人，每个人都有权利和机会发表自己的意见，也都有义务尊重他人的发言，维护正常的教学秩序；师生间是一种双向的沟通关系，沟通的双方都必须关注对方的信息和对方的反应；师生的认识不再是如出一辙，对于不同的观点，师生都可以做出自己的选择。
（2）心理学意义上的高校师生间关系
心理学意义上的高校师生间关系主要包括高校师生间的认知关系、高校师生间的情感关系等。其中，高校师生间良好的情感关系主要表现为：教师经常主动地接近学生，学生也愿意自动地亲近教师；教师真诚对待学生，学生愿意向教师打开心扉；在面临矛盾和困难时，学生会主动向教师寻求帮助。
（3）伦理学意义上的高校师生间关系伦理学意义上的高校师生间关系是指在教育过程中双方都应履行自己道德义务的关系，这种关系是靠责任感、义务感来维持巩固的。"
98,"论述题。什么是学制？学制建立的依据有哪些？","（1）学制的概念
学制是指一个国家的各级各类学校的系统，它包括：有哪些种类学校，这些学校由谁来主办和管理，学校的性质和任务是什么，实际的入学条件、修业年限以及各级各类学校的关系如何等等。高等学校的学制即指各类各层次高等学校的系统
（2）学制建立的基本依据
①学制的建立受制于一定社会的生产力和科学技术的发展水平。近代以来，随着生产力的快速发展，特别是科学技术在生产中的广泛应用，资本主义大工业生产方式开始出现，它不仅要求拥有大量具有一定文化水平的工人，而且还急需一批拥有各种专门科学知识的技术人才和管理人才，这就客观上推动了教育的发展。至此，在一些欧洲国家如德国、法国等，一个贯穿初、中、高等教育的完整体系率先形成，随后开始在世界范围内得到传播，在几乎所有现代国家都建立了现代学制系统
②学制的建立要受社会政治制度的制约。学制作为学校教育的基本制度，它规定着各级教育机构应该向什么人撇开大门，各级各类学校在教育内容上如何衔接，各级各类学校办学方向是否保持一致等，所以它深刻地反映了社会中占统治地位的阶级的意志。
③学制的建立要适应教育者的年龄特征和发展水平。受教育者的身心发展特征是确定各级各类学校分段以及学生入学年龄、修业年限的基本依据，它体现了统一性的原则。在目前世界各国，尽管学制基本稳定，但围绕着关于学制中如何更合理地划分阶段，各阶段的修业年限如何确定等问题，还在不断进行探索和尝试。"
99,"简答题。简述世界各国几种常见的招生制度。","招生制度是一个国家高等教育制度的重要组成部分，它规定着不同层次、不同类别的高等学校在人选拔中所拥有的权限、人才选拔的标准，形式和范围等。各国常见的招生制度主要有以下几个类型：（1）统一的入学考试形式
统一的入学考试形式是由国家或者地方政府，或者是社会中的考试机构，对整个国家或局部区域的考生，进行统一的考试，并把考试成绩作为高校录取学生的基本参照依据的考试方式。实行统一的考试制度，根本目的在于保证不同的高等学校学生入学水准的相对统一性，实行择优录取。它的前提条件是现有教育资源不足以满足全部申请入学者的需要，而通过统一考试则起到一个有效而合理的筛选作用。统一考试的组织者既可以是国家和地方教育主管部门，也可以是社会中的民间组织。在亚洲地区，实行统一的考试来录取新生的作法被普遍采用。中国的台湾地区，目前仍实行大学联考制度。在东南亚的泰国和菲律宾等国家也都实行全国统一的招生考试制度。
（2）由高校单独组织入学考试的形式
这种招生制度由高校自主决定考试方式、自己命题、自主录取新生。一些实行大众化高等教育的国家，为保证部分顶尖大学的学术水平，以体现大众化高等教育中的精英教育特征，允许一些高校依旧采取竞争性的严格选拔的单独考试制度。
（3）统一考试和单独考试相结合的形式
这种招生制度是在相对统一的考试基础之上，高校或高校内部具体教学单位再根据自己的价值取向和要求，举办一次笔试或面试，并将两者结合起来评价学生学业水平的考试方式。实行统一考试与大学的单独考试相结合，其根本目的在于更准确地把握考生的详细情况，避免一考定终身的弊病。实行该形式招生制度的国家主要是日本的国立、公立大学。同时，在许多国家高校的招生制度中也采取了推荐入学的方式，为具有卓越才华和在某一方面有特殊才能的学生提供特殊的机会。"
100,"论述题。高校教师岗位设置应遵循哪些原则？","高校教师岗位设置应遵循以下四个原则：
（1）系统原则
在考虑一个岗位的设置是否合理时，应把这个岗位放在整个教师队伍的全局之中，从总体上分析它在系统中的作用。
（2）整体效应原则
每一岗位的设置，都要以教师队伍的整体工作目标为中心，并且所有岗位彼此间要保证能有效合作，以保证实现工作目标和任务。
（3）最低岗位数量原则
用最小的投入获得最大效益，岗位的数量应限制在能够有效地完成工作任务所需的最低数。
（4）动态性原则
岗位的设置还要从教师队伍的整体结构，如年龄结构、职称结构、学历结构和知识结构的调整，以及学校的长远发展的角度来予以综合考虑，以保证教师队伍在发展过程中始终保持一种动态的平衡。"
101,"简答题。简述高等教育宏观管理体制的几个模式。","高等教育的宏观管理体制主要体现了一个国家在高等教育管理活动中中央和地方政府，政府和高校间职责、权力和利益关系。现今世界高等教育宏观管理体制的模式主要有以下几种：
（1）中央集权型的高等教育宏观管理体制
这种体制主要是指高等教育由国家举办，高等教育管理的权力主要集中在中央政府，中央政府通过一定的计划、法律、行政命令、拨款和监督等手段来直接调节高等教育活动的管理体制。政府和高校间表现出一种完全的上下级关系，权力集中在中央政府，高校很大程度上处于依附地位。高校的经费几乎完全由国家划拨，因此高校必须面向政府承担责任。在利益关系上国家作为社会各个利益集团的代表，统筹高等教育的宏观管理活动，履行全面的职责。欧洲大陆的一些国家如法国、意大利和瑞典等大致可归为该模式，其中以法国尤为典型。
（2）权力分散型的高等教育宏观管理体制
这种体制一般指高等教育的决策权力主要在地方政府，由地方政府来独立行使高等教育决策、立法、财政拨款等职能的管理体制。在这一体制下，地方政府一般是作为地方公立高等教育的举办者，承担着高等教育宏观管理的协调的权力，但其管理的方式一般具有宏观指导、服务和监督的性质，高等学校作为法人实体在地方政府大的政策框架之下，依法独立办学，社会的广泛参与，是分权制的一个典型特征。社会中的各种利益集团，如政府组织、学生家长群体、是业界人士，以及教育界各种团体等可通过种种途径将自己的意志参透到高等教育的决策活动中，一般来说，美国实行的是典型的权力分散管理体制
（3）集权与分权结合型的高等教育宏观管理体制这种体制主要是指由中央政府和地方政府，或政府与高等教育部门共同承担高等教育管理职能的管理体制。结合型管理体制体现了国家、地方和高校分享高等教育管理权力，各自在不同层次行使不同职能，并满足各方利益需要的宏观管理特征。由于在政治体制、文化背景特别是高等教育观念上的差异，属于该模式的不同国家的宏观管理具备不同的特征。它们的共同之处在于，中央政府一般发挥宏观指导和协调职能，并与地方政府和高校共同行使一定的决策权力。"
102,"论述题。试述高等学校的管理模式。","高等学校管理包括学术管理和行政管理。根据各国高校在两者间存在重心上的差异，其内部权力结构可大致归为以下几种类型：
（1）欧洲大陆模式
欧洲大陆模式是一种以学术权力为主，高校内部权力重心明显倾向于基层教学和研究单位，并深刻体现了学术权威影响的高校管理模式。
由于欧洲大陆国家如法国、意大利等大多实行的是中央集权制，德国则倾向于州政府管理，高校在校级层次上校长的权力很有限，其工作多为事务性，他可以就高校有关的重大问题提出建议，由校务委员会一类的机构讨论决定。在基层，讲座教授的权力很大，操纵着基层包括经费使用、人员安排等大权，中央政府或州政府一般与基层间直接发生联系。在学部和学校层次上，主要由教授组成的学部委员会、大学评议会（德国）、学部理事会、大学理事会（法国）来行使决策和协调的权力。因此在该模式中，教授和教授群体处于学校的权力中心，而行政部门几乎没有什么权威。
（2）美国模式
美国模式是一种行政权力相对强大，强调规范，实行相对严格的等级制度，下级对上级负责的高校管理模式在美国大多高校特别是研究性大学中，董事会和院校的行政官员的权力地位比较显赫，董事会多由政府官员、企业首脑、社会名流等组成，它负责制订政策，审批设备购置、财政预算，选拔和委任校长等。校长受董事会委托，全权负责学校内部具体的管理事务，包括确定学校发展目标和重点、建立或调整组织机构、筹集和分配经费、处理董事会与外界各种组织的关系等等。校长一般有一套包括多名副校长在内的助手班子协助管理，学校下属的分校、学院负责人由校长委任，他们必须向校长负责。系作为基本的教学和科研单元，由系主任主持。但系行政机构处于学校组织矩阵结构中的交叉点，系主任既要面向校长、院长负责，又要在决策上与系所有教学人员协商。
（3）英国模式
英国模式是一种行政权力和学术权力相对平衡，两者相互制约的高校管理模式。在英国传统大学中，校务委员会是形式上的最高权力机构，但在具体的管理上，主要由校外人士组成的理事会是实质性的行政权力部门，由教授组成的评议会全权负责大学的学术管理。由于校长是荣誉性职位，所以在英国副校长才是大学的首席行政和学术领袖。副校长人选是理事会和评议会协商的结果，同时又是它们中间的主要联系人。在学部和系的层次上，由各方面包括教学和非教学人员组成的学部委员会和系委员会是各自的决策机构，决策过程相对比较民主。"
103,"简答题。简述高等教育结构和功能的关系。","高等教育的结构和功能从内部联系、外部关系两方面反映了高等教育系统的特性，高等教育结构和功能的关系主要体现在以下两个方面：
（1）高等教育系统的结构和功能是对立统一、相互联系的两个方面
没有结构的功能是不存在的，反之，也不存在没有功能的结构。在实现高等教育大众化目标的过程中，各国通常借助于高等教育结构的调整。高等教育要发挥应有的功能，就应建立合理的高等教育结构体系，随外部环境的变化适时地进行结构调整。
（2）高等教育结构和功能虽联系紧密，但并不存在必然的一一对应关系
相同的功能常常可由不同的结构来实现。如在德国，职业技术教育重心在中等教育阶段，而在美国，职业技术教育的任务安排在高等教育层次，基本由社区学院来完成。中等学校教师的培养，在中国是由师范大学或学院单独完成的，但在许多国家，一些综合性大学也参与师资的培养。因此，高等教育结构也是多种因素综合作用的结果：现实的和历史的，经济的和政治、文化的。这种复杂性决定了各国的高等教育结构不可能完全一致，也决定了一国无法照搬他国的高等教育结构模式"
104,"论述题。影响高等教育结构的因素有哪些？","高等教育结构是指高等教育系统内各组成部分之间的联系方式和比例关系，影响高等教育结构的因素主要有：
（1）经济因素
经济因素主要包括生产力水平、经济发展水平（人均国民生产总值或人均国民收入）和发展速度、产业结构以及由此引起的高级人力资源的需求状况等。经济因素往往是高等教育结构形成、发展以及调整过程中的决定性要素。
（2）文化、传统因素
文化、传统因素主要包括社会文化的总体水平，由历史传统形成的民族文化特点及观念等。文化因素对高等教育结构的影响虽然不是决定性的，但却具有历史的连续性，因而其影响和意义深远。世界各国在高等教育结构上所存在的差异性往往带有各国文化传统的烙印。
（3）科学、技术因素
科学技术因素主要包括科学技术的总体发展水平与速度、科学技术系统的规模结构等。科学技术因素对高等教育影响主要体现在层次结构和科类结构上，社会科技发展越快，对更高层次特别是研究生层次的人才需要更旺盛，而现代科技发展对符合型人才的需求，又要求高等教育调整科类结构，拓宽专业口径，培养跨学科人才，增强灵活性和适应性。
（4）教育因素影响高等教育结构的教育因素主要包括教育制度、义务教育、各级普通教育及职业技术教育的规模和结构。教育因素对高等教育结构的影响主要体现在为基础教育提供师资的高等师范教育培养的层次结构、科类结构的调整上，也体现在因基础教育的发展而引起的高等教育需求扩大而要求德高等教育进行整体结构性调整上。"
105,"论述题。影响高等教育宏观结构调整的因素有哪些？","影响高等教育宏观结构调整的因素主要包括以下方面：
（1）学术的因素
由于历史的原因，中国高等教育已经基本形成少数综合性大学、师范大学和单科性院校并存的格局，各类高校也基本形成了各自的特色和学术风格，因此，在考虑综合化发展时，结构调整应慎重处理历史遗留问题。
（2）体制的因素
受传统的条块分割体制影响，目前中国高校分布格局依旧存在着许多不合理的情况。因此，深化高等教育体制的改革，合理协调中央政府、政府各部门以及地方主管部门间的关系，是今后中国高等教育结构调整的重要环节。
（3）区域发展水平的因素
由于中国各区域间经济发展极不平衡，已有的高等教育基础也存在着较大的差异。因此，中国高等教育宏观结构的调整，只能从各地实际出发，有所区别对待。"
106,"简答题。简述高等学校学科设置的影响因素。","近代科学的发展，推动了学科的分化，且分化的速度有越来越快的趋势。但并不是所有的学科都能在高等学校中得到专门的设置和发展。一个学科能否在高等学校中得到专门设置和发展，从学科自身的角度看，主要的影响因素有以下几个方面：
（1）学科发展的成熟水平
这主要涉及学科的主干知识和基本结构体系是否完整，与其他学科知识之间的兼容度等问题。一般来说，高等学校在考虑学科设置时，成熟度高的学科比较容易被接受，而成熟度较低的学科，在高等学校中则比较难以得到专门的设置。但这种情况也不是绝对的，特别是对一些高水平的研究型大学来说，它们对前沿科学的研究，很多就是对一些非成熟学科，或者尚处于胚芽状态，甚至还没有出现任何征兆以示可能会发展成为一门学科的研究领域，给予了很大的容忍、关注与发展，结果就有可能会引发或促进一些新兴学科和交叉学科的诞生。
（2）学科的发展潜力
这主要涉及到学科在高等学校设置中的稳定性和可持续发展的问题。
（3）高等学校的培养目标和办学特色
在高等学校考虑学科设置时，不仅要从学科自身发展的学术性方面来考虑，还要通过学校不同学科的结构状况来系统考虑不同学科的设置增减问题，考虑的出发点主要是高等学校的培养目标和办学特色问题。
（4）学校的现实社会效应
在考虑学科设置问题时，学科的现实社会效应也是一个很重要的因素。"
107,"论述题。高等学校专业设置和调整的原则与指导思想是什么？","专业设置与调整既要遵循现代科技发展的特点，又要依据一定的社会经济发展的阶段特征。专业设置的原则与指导思想包括以下几点：
（1）遵循经济社会发展需要和人才培养的规律
专业设置既要适应社会、经济的发展对人才需求的数量、类型、质量、规格上的变化，又要遵循教育的内部规律，符合学科发展趋势和人才培养规律，注意人才培养的超前性，注重专业设置与调整的社会效益和经济效益。
（2）适应学科、专业本身发展变化的需要
学科是专业设置的基础，专业的内容和发展方向要与学科的形成、发展、变化相适应。致力于培养宽知识面的人才是专业设置与调整的必然趋势。
（3）从实际出发，随时调整专业结构
根据经济结构的变化和专业发展趋势，及时调整专业知识结构，淡化专业界限；并利用新理论、新技术不断更新专业内容，及时反映学科发展的前沿和经济、科技进展的水平。
（4）专业范围覆盖面较宽广
拓宽专业品径，增强人才适应性是当前专业改造的主要方向。
（5）专业设置布局的合理性
人才培养的长周期性和迟效性要求专业设置的布局应在人才预测的基础上做出整体规划，注意在全国范围内合理、统一地布局。
（6）适合学校的办学条件高校在专业设置上，要力求稳定，避免频繁变动，影响专业的建设，同时又要适应经济、科学和社会发展的需要，及时根据本校办学的实际条件进行合理的专业调整、充实和提高。"
108,"简答题。简述教师职业道德原则的要求。","（1）树立无产阶级的世界观、人生观和价值观；
（2）树立崇高的理想、信念和价值目标；
（3）具备良好的专业能力素质；
（4）具有顽强的意志和崇高的精神境界。"
109,"简答题。简述教师公正的作用。","（1）有利于调动每个学生的学习积极性；
（2）有利于学生形成公正无私的道德品质；
（3）有利于教师威信的形成；
（4）有利于形成良好的教育教学环境。"
110,"论述题。教师职业道德的特点有哪些？","（1）教师职业道德适用的针对性；
（2）教师职业道德要求的双重性；
（3）教师职业道德内容的全面性；
（4）教师职业道德功能的多样性；
（5）教师职业道德行为的典范性。"
111,"论述题。制定培养目标应确立的几对关系有哪些？",高等学校培养目标是根据高等教育目的制定的，是高等教育目的的具体化。制定培养目标应确定的几对关系主要有：（1）德与才的关系德与才的关系也被称为红与专、政治与业务的关系。两者间不可偏废和相互替代，而是有机结合，只拥有其中一方面而缺失另一方面都不行。青年要处理好红与专、政治与业务的关系，把政治和业务结合起来。（2）身与心的关系身与心的关系即身体素质和心理发展的关系。身与心是人的全面发展中不可或缺的两方面，健康的身体是良好心理发展的物质基础，而健全的精神又是健康身体的保证。（3）专业素质与文化素质的关系专业素质主要是指有关的专业基础理论、基本技能和基本能力等，而文化素质主要指全面的科学文化素养，它是良好人格形成的重要条件。专业知识和技能的发挥，离不开良好的科学文化素养的支持。
112,"论述题。如何理解高等教育平等的含义？","高等教育平等是教育平等的一个重要组成部分，理解高等教育平等的含义，应准确把握以下两点：
（1）高等教育平等是一种理想与现实的复合体
高等教育平等作为一种理想，是指人们把接受高等教育看作是一种应有的权利，从而要求任何人都能不受限制地享受这种权利。高等教育与个人的经济收入、生活质量、社会地位等有着密切的联系，本着人人平等的原则，每个社会成员都应当充分享受这种权利，任何人为的障碍都是不合理的。人们甚至还试图借助高等教育平等达到消除社会差异的目的。高等教育平等作为一种理想，至少应包括进入高等学校的机会均等、受高等教育的过程平等、受高等教育的结果平等三个方面。
因此，高等教育平等作为一种理想所追求的是绝对平等。而现实中的高等教育平等只是相对的。高等教育平等已成为一个世界性的问题，每个家庭、每个人都关心着它，每个国家和社会都在积极探求有效的对策。高等教育平等作为人类共同面临的现实问题将长期存在。
（2）高等教育平等是一个发展的概念。高等教育平等问题是社会、经济、文化、教育发展到一定阶段的必然产物。而在不同的历史时期，高等教育平等的内涵是不同的，它伴随着社会进步、经济增长、教育发展而不断发展，经历了从“高等教育入学机会平等”到“学业成功机会平等”，再到“教育后就业及接受再教育机会平等”的过程，而且随着历史的发展，高等教育平等的概念还将进一步扩展。同时，高等教育平等的衡量指标也在不断变化，由“进入高校就读的机会是否平等”到“受教育年限、学校类型、课程内容是否表现机会平等”，再到“受教育过程是否有利于个人成为社会栋梁之才”。这些都表明高等教育平等是一个发展的概念。可见，不同历史时期高等教育平等实现的程度是不断变化的。而特定的历史时期，既要求实现特定程度的高等教育平等，又为它的实现提供了可能。"
113,"论述题。什么是通才教育？通才教育的特征有哪些？","（1）通才教育的概念
通才教育是一种通识教育，其目的是为了培养具有高尚情操，有高深学问、高级思维，能自我激励、自我发展的人才。它实行的是一种博雅教育，注重理智的培养和情感的陶冶。
（2）通才教育的特征
①传授的知识侧重基础性和经典性。通才教育非常重视基本理论、基本知识、基本技能和基本方法的训练，重视培养学生解决各种复杂问题的能力。
②教育内容的综合性和广泛性。通才教育的教学内容相当丰富，它不仅涵盖了多个学科领域，而且还充分体现了学科之间的相互交叉、渗透和综合。
③教育形式的多样性和灵活性。通才教育的目标可以通过各种不同的途径来实现，如设置通博类型的课程，开设综合学科讲座，举办专题讨论会等。"
